horizon_percent,representation,n_features,cv_macro_f1_mean,cv_macro_f1_std,test_accuracy,test_balanced_accuracy,test_macro_f1,test_weighted_f1,paired_ci95_low,paired_ci95_high
10,Statistical_28,28.0,0.6860952288783262,0.02285322989484718,0.8866666666666667,0.7057430354892651,0.7043538124965185,0.8842834997361506,,
10,Temporal_82,82.0,0.6552373192770838,0.0721763206577229,0.89,0.7036453534155699,0.7190099142232966,0.8881172416175924,,
10,Temporal_minus_Statistical,,,,,,0.014656101726778115,,-0.03493235826123095,0.06211103752091666
15,Statistical_28,28.0,0.6921559999711568,0.022020133250766488,0.8922222222222222,0.7116367115852521,0.7167587935383195,0.8885187603117431,,
15,Temporal_82,82.0,0.6514939957673427,0.0470854438859148,0.89,0.707175520296186,0.7204220057284183,0.88837203636891,,
15,Temporal_minus_Statistical,,,,,,0.003663212190098797,,-0.04305577259756431,0.0518905214742071
20,Statistical_28,28.0,0.6948475014179589,0.023784183214281104,0.8911111111111111,0.7110476844408241,0.7179678002553412,0.888919468732957,,
20,Temporal_82,82.0,0.6690210105308403,0.05306188492366588,0.88,0.6711065639498777,0.6919826464834825,0.8774483887531168,,
20,Temporal_minus_Statistical,,,,,,-0.025985153771858727,,-0.07233907313876864,0.01891660263980565
25,Statistical_28,28.0,0.6899901289694107,0.03310342575959594,0.8944444444444445,0.7284842363371596,0.7326781585125484,0.893000826521308,,
25,Temporal_82,82.0,0.69058832666181,0.066670800266072,0.8766666666666667,0.6565466560388971,0.6809492055187607,0.8728227090857404,,
25,Temporal_minus_Statistical,,,,,,-0.05172895299378766,,-0.10310208510362226,-0.0018938508421695234
30,Statistical_28,28.0,0.6987473022815932,0.034511889305534955,0.8888888888888888,0.7095403062559472,0.7161070431206984,0.8875892526869504,,
30,Temporal_82,82.0,0.6904976579892455,0.03245195943421255,0.8822222222222222,0.6836109357914585,0.6996069128827052,0.8801021903263568,,
30,Temporal_minus_Statistical,,,,,,-0.016500130237993238,,-0.06325251043095728,0.031188875365244284
35,Statistical_28,28.0,0.7116372612150845,0.021882672002320747,0.8988888888888888,0.7290288417364139,0.7414647764449633,0.8970507012990836,,
35,Temporal_82,82.0,0.6987221978784789,0.032827219740267845,0.8977777777777778,0.7437903587861392,0.7499781676474271,0.8971438650306748,,
35,Temporal_minus_Statistical,,,,,,0.00851339120246375,,-0.03709383509709883,0.05487232360991648
40,Statistical_28,28.0,0.7143565145146973,0.007816411937926909,0.9011111111111111,0.747353273040416,0.7544679169285252,0.9009418711608398,,
40,Temporal_82,82.0,0.7298464085681121,0.026938702440942253,0.9044444444444445,0.7638892721610842,0.7719174645907754,0.9048638520234764,,
40,Temporal_minus_Statistical,,,,,,0.017449547662250153,,-0.031100787551087174,0.06533394292181828
45,Statistical_28,28.0,0.7334533345628922,0.018022264695488312,0.9022222222222223,0.7551620970805255,0.7569027073474004,0.9031829455141842,,
45,Temporal_82,82.0,0.759209183783459,0.03014967769230565,0.9111111111111111,0.7876882131782168,0.7816814781840093,0.912515387043689,,
45,Temporal_minus_Statistical,,,,,,0.024778770836608954,,-0.02886227562952088,0.07888025046502194
50,Statistical_28,28.0,0.7462370827465576,0.02798727592922702,0.9122222222222223,0.7806405527849853,0.781046878177581,0.9130393705194506,,
50,Temporal_82,82.0,0.784904325010322,0.035677556674511994,0.9244444444444444,0.815669567226837,0.8124794092885911,0.9254870681364636,,
50,Temporal_minus_Statistical,,,,,,0.031432531111010076,,-0.013424420575803717,0.07975303237846694
55,Statistical_28,28.0,0.7766777392605002,0.025264123032491065,0.9155555555555556,0.7834727750251667,0.7833091589166183,0.9164818797736064,,
55,Temporal_82,82.0,0.8211084473948725,0.028669241440453647,0.9322222222222222,0.8407110582836591,0.8354584420997427,0.9329030292832792,,
55,Temporal_minus_Statistical,,,,,,0.052149283183124395,,0.005992013272287039,0.09963804934558541
60,Statistical_28,28.0,0.79404283731967,0.021816495751373614,0.92,0.8018276779619511,0.7967421661642472,0.9213409992156925,,
60,Temporal_82,82.0,0.8350871340483333,0.028432324299637293,0.94,0.8746962826686634,0.8603553146742516,0.9407439933021329,,
60,Temporal_minus_Statistical,,,,,,0.06361314851000444,,0.017738146411464786,0.11035884708582469
65,Statistical_28,28.0,0.8092203900923748,0.01873639932329231,0.9288888888888889,0.8230274765069177,0.8174274044229712,0.9299106475062859,,
65,Temporal_82,82.0,0.830405093385344,0.021253117305474162,0.9455555555555556,0.8728761021081567,0.8666170350457376,0.945890749295584,,
65,Temporal_minus_Statistical,,,,,,0.04918963062276638,,0.0036426347270402523,0.0976214399070793
70,Statistical_28,28.0,0.8245077611870247,0.017845733824189736,0.9366666666666666,0.843061894131029,0.8333103201371923,0.9379214825656971,,
70,Temporal_82,82.0,0.8541191670268258,0.035343366555704886,0.9533333333333334,0.8956173029560511,0.8900353366578693,0.9539356289363405,,
70,Temporal_minus_Statistical,,,,,,0.05672501652067696,,0.009999651539734162,0.10404383007617382
75,Statistical_28,28.0,0.8458555157218172,0.02926343110301677,0.9411111111111111,0.8596105666196979,0.848427950895946,0.9423253357606315,,
75,Temporal_82,82.0,0.8837260906808673,0.022551445030789697,0.9566666666666667,0.9034565986289431,0.8971428631169127,0.9571211687821545,,
75,Temporal_minus_Statistical,,,,,,0.04871491222096669,,0.004480478862306173,0.09417170907255637
80,Statistical_28,28.0,0.8732730588002073,0.02942959557487069,0.9511111111111111,0.900192536637905,0.8775627599583478,0.9525106984008747,,
80,Temporal_82,82.0,0.884011978447435,0.01623438074216649,0.9622222222222222,0.9146866720536618,0.9096651512502185,0.9626439645625692,,
80,Temporal_minus_Statistical,,,,,,0.03210239129187076,,-0.009520906189960456,0.07534178522118903
85,Statistical_28,28.0,0.890162869180408,0.024748271284606323,0.9555555555555556,0.8968004821416878,0.8837662250427685,0.956527076028653,,
85,Temporal_82,82.0,0.9007006923384588,0.01696941258229991,0.9622222222222222,0.9024598017252696,0.9036254086533906,0.9623435763501942,,
85,Temporal_minus_Statistical,,,,,,0.01985918361062211,,-0.023298435092399924,0.06455635295674438
90,Statistical_28,28.0,0.9006437346891433,0.014771573682600753,0.96,0.9091654648544792,0.8983811924827848,0.9606089920975268,,
90,Temporal_82,82.0,0.906446031431086,0.013157804232945675,0.9633333333333334,0.9135517627655892,0.9091548367864157,0.9637843168544923,,
90,Temporal_minus_Statistical,,,,,,0.010773644303630925,,-0.030338500056601006,0.05327079223006522
95,Statistical_28,28.0,0.9033249411783186,0.01626936072830524,0.9655555555555555,0.9189958008459377,0.9185363219771627,0.9660177057282877,,
95,Temporal_82,82.0,0.9076386759216692,0.021009094140870096,0.9566666666666667,0.9114997791814579,0.8987658270967039,0.9577708899480945,,
95,Temporal_minus_Statistical,,,,,,-0.01977049488045879,,-0.0610612812953794,0.01803209015119559
100,Statistical_28,28.0,0.9116501468861319,0.014910087705091722,0.97,0.934067566782512,0.9328652107464064,0.9704282871492107,,
100,Temporal_82,82.0,0.9121562576396748,0.030382084548046563,0.9588888888888889,0.9148905569332847,0.9019357514162231,0.9599214737002505,,
100,Temporal_minus_Statistical,,,,,,-0.030929459330183318,,-0.0668473657604477,0.0021462806604016726
