row_index,id,label,role
0,2_trans_497.csv,1,proper_train
1,2_trans_483.csv,1,calibration
2,2_trans_2396.csv,1,proper_train
3,2_trans_1847.csv,1,proper_train
4,2_trans_2382.csv,1,calibration
5,2_trans_2369.csv,1,proper_train
6,2_trans_454.csv,1,proper_train
7,2_trans_1660.csv,1,proper_train
8,2_trans_332.csv,1,calibration
9,2_trans_326.csv,1,proper_train
10,2_trans_440.csv,1,proper_train
11,2_trans_1884.csv,1,proper_train
12,2_trans_2355.csv,1,proper_train
13,2_trans_468.csv,1,calibration
14,2_trans_2433.csv,1,calibration
15,2_trans_2427.csv,1,proper_train
16,2_trans_2341.csv,1,calibration
17,2_trans_2816.csv,2,calibration
18,2_trans_695.csv,1,calibration
19,2_trans_27.csv,1,proper_train
20,2_trans_859.csv,1,calibration
21,2_trans_681.csv,1,calibration
22,2_trans_2802.csv,4,calibration
23,2_trans_2194.csv,1,calibration
24,2_trans_2180.csv,4,calibration
25,2_trans_865.csv,1,calibration
26,2_trans_1489.csv,1,proper_train
27,2_trans_130.csv,1,proper_train
28,2_trans_1304.csv,1,proper_train
29,2_trans_656.csv,1,calibration
30,2_trans_642.csv,1,proper_train
31,2_trans_1310.csv,1,proper_train
32,2_trans_124.csv,1,proper_train
33,2_trans_2157.csv,1,proper_train
34,2_trans_2143.csv,1,proper_train
35,2_trans_118.csv,1,proper_train
36,2_trans_2962.csv,4,proper_train
37,2_trans_2976.csv,2,proper_train
38,2_trans_2786.csv,1,proper_train
39,2_trans_905.csv,1,calibration
40,2_trans_911.csv,1,calibration
41,2_trans_2792.csv,1,proper_train
42,2_trans_2779.csv,1,calibration
43,2_trans_1270.csv,1,proper_train
44,2_trans_1516.csv,1,proper_train
45,2_trans_736.csv,1,calibration
46,2_trans_1502.csv,1,proper_train
47,2_trans_1264.csv,1,proper_train
48,2_trans_2745.csv,1,proper_train
49,2_trans_2023.csv,1,proper_train
50,2_trans_2037.csv,1,proper_train
51,2_trans_2989.csv,4,proper_train
52,2_trans_2751.csv,1,calibration
53,2_trans_291.csv,1,proper_train
54,2_trans_2584.csv,1,proper_train
55,2_trans_2590.csv,1,proper_train
56,2_trans_1099.csv,1,calibration
57,2_trans_520.csv,1,proper_train
58,2_trans_1714.csv,1,proper_train
59,2_trans_1072.csv,1,calibration
60,2_trans_246.csv,1,proper_train
61,2_trans_252.csv,1,proper_train
62,2_trans_1066.csv,4,calibration
63,2_trans_1728.csv,1,proper_train
64,2_trans_2553.csv,1,proper_train
65,2_trans_508.csv,4,proper_train
66,2_trans_2235.csv,1,proper_train
67,2_trans_2552.csv,1,proper_train
68,2_trans_2234.csv,1,proper_train
69,2_trans_509.csv,3,proper_train
70,2_trans_1067.csv,1,proper_train
71,2_trans_253.csv,1,proper_train
72,2_trans_535.csv,1,proper_train
73,2_trans_1715.csv,1,calibration
74,2_trans_521.csv,1,proper_train
75,2_trans_1073.csv,1,proper_train
76,2_trans_1098.csv,4,proper_train
77,2_trans_2585.csv,1,proper_train
78,2_trans_290.csv,1,proper_train
79,2_trans_284.csv,1,proper_train
80,2_trans_2036.csv,3,proper_train
81,2_trans_2750.csv,1,proper_train
82,2_trans_2988.csv,2,calibration
83,2_trans_2022.csv,3,proper_train
84,2_trans_737.csv,1,proper_train
85,2_trans_1265.csv,3,proper_train
86,2_trans_1271.csv,1,proper_train
87,2_trans_2778.csv,1,proper_train
88,2_trans_723.csv,3,proper_train
89,2_trans_1517.csv,1,proper_train
90,2_trans_910.csv,1,proper_train
91,2_trans_2793.csv,1,proper_train
92,2_trans_904.csv,1,proper_train
93,2_trans_2963.csv,2,proper_train
94,2_trans_2624.csv,1,proper_train
95,2_trans_2630.csv,3,calibration
96,2_trans_1339.csv,1,proper_train
97,2_trans_1477.csv,1,proper_train
98,2_trans_643.csv,4,calibration
99,2_trans_2618.csv,1,proper_train
100,2_trans_1311.csv,1,proper_train
101,2_trans_1305.csv,1,proper_train
102,2_trans_131.csv,1,proper_train
103,2_trans_657.csv,1,proper_train
104,2_trans_1463.csv,1,proper_train
105,2_trans_1488.csv,3,calibration
106,2_trans_870.csv,1,calibration
107,2_trans_2195.csv,1,proper_train
108,2_trans_858.csv,1,proper_train
109,2_trans_32.csv,1,proper_train
110,2_trans_2803.csv,2,proper_train
111,2_trans_2817.csv,2,proper_train
112,2_trans_26.csv,4,proper_train
113,2_trans_694.csv,1,calibration
114,2_trans_2426.csv,1,proper_train
115,2_trans_1649.csv,1,calibration
116,2_trans_2340.csv,4,calibration
117,2_trans_469.csv,3,calibration
118,2_trans_2354.csv,1,proper_train
119,2_trans_1885.csv,1,calibration
120,2_trans_1113.csv,1,proper_train
121,2_trans_441.csv,1,proper_train
122,2_trans_1675.csv,1,calibration
123,2_trans_1661.csv,1,proper_train
124,2_trans_333.csv,1,proper_train
125,2_trans_1107.csv,1,proper_train
126,2_trans_2383.csv,1,proper_train
127,2_trans_1846.csv,3,calibration
128,2_trans_2397.csv,1,calibration
129,2_trans_480.csv,1,proper_train
130,2_trans_1878.csv,1,proper_train
131,2_trans_494.csv,1,proper_train
132,2_trans_1850.csv,1,proper_train
133,2_trans_2381.csv,1,proper_train
134,2_trans_1844.csv,1,proper_train
135,2_trans_1677.csv,1,proper_train
136,2_trans_443.csv,4,proper_train
137,2_trans_325.csv,1,proper_train
138,2_trans_2418.csv,1,calibration
139,2_trans_457.csv,1,proper_train
140,2_trans_2342.csv,3,proper_train
141,2_trans_1893.csv,1,proper_train
142,2_trans_319.csv,1,proper_train
143,2_trans_2424.csv,1,calibration
144,2_trans_1887.csv,1,proper_train
145,2_trans_2356.csv,1,proper_train
146,2_trans_2801.csv,4,proper_train
147,2_trans_30.csv,1,calibration
148,2_trans_24.csv,1,proper_train
149,2_trans_2183.csv,1,calibration
150,2_trans_866.csv,1,calibration
151,2_trans_18.csv,3,proper_train
152,2_trans_2829.csv,4,proper_train
153,2_trans_1313.csv,3,proper_train
154,2_trans_127.csv,1,proper_train
155,2_trans_1461.csv,1,proper_train
156,2_trans_655.csv,1,proper_train
157,2_trans_2168.csv,1,proper_train
158,2_trans_133.csv,1,calibration
159,2_trans_1307.csv,1,proper_train
160,2_trans_2626.csv,1,proper_train
161,2_trans_1449.csv,1,calibration
162,2_trans_2140.csv,1,proper_train
163,2_trans_669.csv,1,proper_train
164,2_trans_2154.csv,4,calibration
165,2_trans_2632.csv,1,proper_train
166,2_trans_2961.csv,2,proper_train
167,2_trans_1298.csv,1,calibration
168,2_trans_2791.csv,3,proper_train
169,2_trans_912.csv,1,proper_train
170,2_trans_906.csv,1,proper_train
171,2_trans_1267.csv,1,proper_train
172,2_trans_735.csv,1,proper_train
173,2_trans_1501.csv,1,proper_train
174,2_trans_2752.csv,1,proper_train
175,2_trans_2034.csv,1,proper_train
176,2_trans_709.csv,1,proper_train
177,2_trans_2020.csv,1,calibration
178,2_trans_1529.csv,1,proper_train
179,2_trans_2746.csv,4,proper_train
180,2_trans_1918.csv,1,proper_train
181,2_trans_292.csv,1,calibration
182,2_trans_286.csv,4,proper_train
183,2_trans_1924.csv,1,proper_train
184,2_trans_2587.csv,1,proper_train
185,2_trans_1930.csv,1,calibration
186,2_trans_1703.csv,1,calibration
187,2_trans_537.csv,1,calibration
188,2_trans_251.csv,3,proper_train
189,2_trans_1071.csv,3,calibration
190,2_trans_245.csv,1,calibration
191,2_trans_523.csv,1,calibration
192,2_trans_1717.csv,1,calibration
193,2_trans_1059.csv,4,proper_train
194,2_trans_2550.csv,4,calibration
195,2_trans_2544.csv,4,proper_train
196,2_trans_279.csv,4,calibration
197,2_trans_2222.csv,1,proper_train
198,2_trans_278.csv,1,proper_train
199,2_trans_2545.csv,1,calibration
200,2_trans_2223.csv,1,proper_train
201,2_trans_2237.csv,1,calibration
202,2_trans_1058.csv,1,calibration
203,2_trans_244.csv,1,calibration
204,2_trans_2579.csv,1,proper_train
205,2_trans_1070.csv,1,proper_train
206,2_trans_1702.csv,1,proper_train
207,2_trans_250.csv,1,proper_train
208,2_trans_2586.csv,1,calibration
209,2_trans_1931.csv,3,proper_train
210,2_trans_287.csv,1,proper_train
211,2_trans_1528.csv,1,proper_train
212,2_trans_2021.csv,1,proper_train
213,2_trans_2747.csv,4,calibration
214,2_trans_2753.csv,1,proper_train
215,2_trans_2035.csv,1,proper_train
216,2_trans_720.csv,1,proper_train
217,2_trans_1514.csv,1,proper_train
218,2_trans_1272.csv,3,proper_train
219,2_trans_1266.csv,1,proper_train
220,2_trans_1500.csv,1,proper_train
221,2_trans_734.csv,1,proper_train
222,2_trans_2009.csv,1,proper_train
223,2_trans_2784.csv,1,proper_train
224,2_trans_2948.csv,4,proper_train
225,2_trans_2790.csv,1,proper_train
226,2_trans_2960.csv,4,proper_train
227,2_trans_2974.csv,4,proper_train
228,2_trans_2155.csv,1,calibration
229,2_trans_668.csv,1,proper_train
230,2_trans_2633.csv,1,proper_train
231,2_trans_2141.csv,1,proper_train
232,2_trans_1448.csv,1,proper_train
233,2_trans_2169.csv,1,proper_train
234,2_trans_654.csv,1,calibration
235,2_trans_1460.csv,1,calibration
236,2_trans_1306.csv,1,proper_train
237,2_trans_126.csv,1,calibration
238,2_trans_1312.csv,1,calibration
239,2_trans_1474.csv,1,proper_train
240,2_trans_898.csv,1,proper_train
241,2_trans_640.csv,4,proper_train
242,2_trans_2196.csv,1,proper_train
243,2_trans_19.csv,1,proper_train
244,2_trans_2828.csv,4,calibration
245,2_trans_867.csv,3,proper_train
246,2_trans_2182.csv,1,proper_train
247,2_trans_25.csv,1,proper_train
248,2_trans_697.csv,3,proper_train
249,2_trans_2814.csv,4,proper_train
250,2_trans_2800.csv,1,calibration
251,2_trans_31.csv,4,calibration
252,2_trans_1138.csv,1,proper_train
253,2_trans_2431.csv,1,proper_train
254,2_trans_1886.csv,1,calibration
255,2_trans_1892.csv,1,calibration
256,2_trans_2425.csv,1,calibration
257,2_trans_330.csv,1,proper_train
258,2_trans_1104.csv,3,proper_train
259,2_trans_1662.csv,1,proper_train
260,2_trans_456.csv,1,calibration
261,2_trans_442.csv,1,calibration
262,2_trans_1676.csv,1,calibration
263,2_trans_1110.csv,1,proper_train
264,2_trans_2419.csv,1,proper_train
265,2_trans_1845.csv,4,proper_train
266,2_trans_2380.csv,1,proper_train
267,2_trans_1879.csv,1,proper_train
268,2_trans_481.csv,1,proper_train
269,2_trans_2384.csv,1,proper_train
270,2_trans_2390.csv,1,proper_train
271,2_trans_1869.csv,1,proper_train
272,2_trans_2421.csv,1,calibration
273,2_trans_2347.csv,3,proper_train
274,2_trans_2353.csv,1,calibration
275,2_trans_308.csv,1,proper_train
276,2_trans_1114.csv,1,calibration
277,2_trans_452.csv,1,proper_train
278,2_trans_1666.csv,1,proper_train
279,2_trans_2409.csv,1,proper_train
280,2_trans_863.csv,3,calibration
281,2_trans_2186.csv,1,proper_train
282,2_trans_2838.csv,2,calibration
283,2_trans_2192.csv,1,proper_train
284,2_trans_35.csv,1,calibration
285,2_trans_687.csv,4,proper_train
286,2_trans_2810.csv,4,calibration
287,2_trans_21.csv,1,proper_train
288,2_trans_678.csv,1,proper_train
289,2_trans_2145.csv,1,proper_train
290,2_trans_2623.csv,1,calibration
291,2_trans_2637.csv,1,calibration
292,2_trans_2151.csv,1,proper_train
293,2_trans_644.csv,4,proper_train
294,2_trans_1316.csv,1,proper_train
295,2_trans_122.csv,4,proper_train
296,2_trans_1302.csv,1,proper_train
297,2_trans_1464.csv,1,proper_train
298,2_trans_650.csv,1,proper_train
299,2_trans_917.csv,1,proper_train
300,2_trans_2794.csv,1,proper_train
301,2_trans_2780.csv,4,proper_train
302,2_trans_2958.csv,2,proper_train
303,2_trans_1289.csv,1,proper_train
304,2_trans_903.csv,1,proper_train
305,2_trans_2970.csv,2,proper_train
306,2_trans_2964.csv,4,proper_train
307,2_trans_2031.csv,4,proper_train
308,2_trans_8.csv,3,proper_train
309,2_trans_2025.csv,1,proper_train
310,2_trans_718.csv,1,calibration
311,2_trans_1504.csv,1,proper_train
312,2_trans_1262.csv,1,proper_train
313,2_trans_1276.csv,4,calibration
314,2_trans_1510.csv,1,proper_train
315,2_trans_724.csv,1,calibration
316,2_trans_2596.csv,1,calibration
317,2_trans_1935.csv,1,proper_train
318,2_trans_297.csv,1,proper_train
319,2_trans_1909.csv,1,proper_train
320,2_trans_283.csv,1,proper_train
321,2_trans_2555.csv,1,proper_train
322,2_trans_268.csv,1,calibration
323,2_trans_2227.csv,1,calibration
324,2_trans_2541.csv,1,proper_train
325,2_trans_2569.csv,4,proper_train
326,2_trans_254.csv,1,proper_train
327,2_trans_1060.csv,4,proper_train
328,2_trans_532.csv,1,proper_train
329,2_trans_526.csv,1,calibration
330,2_trans_1712.csv,1,proper_train
331,2_trans_240.csv,1,proper_train
332,2_trans_1713.csv,1,proper_train
333,2_trans_1075.csv,1,proper_train
334,2_trans_2568.csv,1,calibration
335,2_trans_1707.csv,1,calibration
336,2_trans_2554.csv,1,proper_train
337,2_trans_1908.csv,1,proper_train
338,2_trans_282.csv,1,proper_train
339,2_trans_296.csv,1,proper_train
340,2_trans_2583.csv,1,calibration
341,2_trans_2597.csv,1,calibration
342,2_trans_1920.csv,1,proper_train
343,2_trans_1277.csv,1,proper_train
344,2_trans_725.csv,1,proper_train
345,2_trans_1511.csv,1,proper_train
346,2_trans_1505.csv,1,proper_train
347,2_trans_1263.csv,1,proper_train
348,2_trans_2742.csv,1,calibration
349,2_trans_2024.csv,1,proper_train
350,2_trans_2971.csv,4,calibration
351,2_trans_1288.csv,1,proper_train
352,2_trans_2959.csv,4,calibration
353,2_trans_2781.csv,1,calibration
354,2_trans_902.csv,1,proper_train
355,2_trans_2795.csv,1,proper_train
356,2_trans_1303.csv,1,proper_train
357,2_trans_137.csv,1,calibration
358,2_trans_889.csv,1,calibration
359,2_trans_651.csv,1,proper_train
360,2_trans_1465.csv,1,proper_train
361,2_trans_1471.csv,1,proper_train
362,2_trans_2178.csv,1,calibration
363,2_trans_645.csv,1,proper_train
364,2_trans_123.csv,1,proper_train
365,2_trans_1317.csv,1,proper_train
366,2_trans_2636.csv,1,proper_train
367,2_trans_2144.csv,1,calibration
368,2_trans_679.csv,1,proper_train
369,2_trans_2622.csv,1,calibration
370,2_trans_2811.csv,4,calibration
371,2_trans_20.csv,3,proper_train
372,2_trans_692.csv,4,proper_train
373,2_trans_686.csv,1,proper_train
374,2_trans_34.csv,1,proper_train
375,2_trans_2193.csv,1,proper_train
376,2_trans_2187.csv,1,proper_train
377,2_trans_862.csv,1,proper_train
378,2_trans_2839.csv,4,proper_train
379,2_trans_1667.csv,3,proper_train
380,2_trans_453.csv,1,calibration
381,2_trans_2408.csv,1,proper_train
382,2_trans_1101.csv,1,proper_train
383,2_trans_321.csv,1,calibration
384,2_trans_1673.csv,1,proper_train
385,2_trans_1883.csv,1,proper_train
386,2_trans_2434.csv,1,proper_train
387,2_trans_2420.csv,1,proper_train
388,2_trans_1897.csv,1,proper_train
389,2_trans_490.csv,1,proper_train
390,2_trans_484.csv,1,proper_train
391,2_trans_1840.csv,1,proper_train
392,2_trans_1698.csv,1,calibration
393,2_trans_2391.csv,1,proper_train
394,2_trans_2393.csv,1,calibration
395,2_trans_492.csv,3,calibration
396,2_trans_2436.csv,1,proper_train
397,2_trans_1659.csv,1,calibration
398,2_trans_2350.csv,1,proper_train
399,2_trans_479.csv,3,proper_train
400,2_trans_1895.csv,1,proper_train
401,2_trans_2422.csv,1,calibration
402,2_trans_1103.csv,1,proper_train
403,2_trans_337.csv,1,proper_train
404,2_trans_451.csv,3,proper_train
405,2_trans_1671.csv,1,proper_train
406,2_trans_2378.csv,1,proper_train
407,2_trans_445.csv,1,proper_train
408,2_trans_1117.csv,4,calibration
409,2_trans_1498.csv,1,proper_train
410,2_trans_874.csv,1,proper_train
411,2_trans_2191.csv,1,proper_train
412,2_trans_860.csv,1,proper_train
413,2_trans_848.csv,1,calibration
414,2_trans_690.csv,1,proper_train
415,2_trans_22.csv,1,proper_train
416,2_trans_2813.csv,4,proper_train
417,2_trans_2807.csv,2,proper_train
418,2_trans_36.csv,1,proper_train
419,2_trans_109.csv,1,proper_train
420,2_trans_1329.csv,1,calibration
421,2_trans_653.csv,4,calibration
422,2_trans_135.csv,1,proper_train
423,2_trans_1301.csv,1,calibration
424,2_trans_1315.csv,1,proper_train
425,2_trans_121.csv,4,proper_train
426,2_trans_647.csv,1,proper_train
427,2_trans_1473.csv,3,proper_train
428,2_trans_2783.csv,1,calibration
429,2_trans_914.csv,3,calibration
430,2_trans_2973.csv,2,calibration
431,2_trans_928.csv,1,proper_train
432,2_trans_2026.csv,1,proper_train
433,2_trans_1249.csv,1,calibration
434,2_trans_2998.csv,2,proper_train
435,2_trans_2740.csv,1,proper_train
436,2_trans_2754.csv,1,calibration
437,2_trans_2032.csv,1,proper_train
438,2_trans_727.csv,1,proper_train
439,2_trans_1275.csv,1,proper_train
440,2_trans_1261.csv,1,proper_train
441,2_trans_1507.csv,1,proper_train
442,2_trans_1088.csv,3,proper_train
443,2_trans_2581.csv,1,proper_train
444,2_trans_1936.csv,3,calibration
445,2_trans_1922.csv,1,proper_train
446,2_trans_280.csv,1,proper_train
447,2_trans_2542.csv,1,proper_train
448,2_trans_2224.csv,1,proper_train
449,2_trans_2230.csv,1,calibration
450,2_trans_1739.csv,1,proper_train
451,2_trans_525.csv,1,proper_train
452,2_trans_1705.csv,1,proper_train
453,2_trans_531.csv,1,proper_train
454,2_trans_257.csv,1,proper_train
455,2_trans_530.csv,1,proper_train
456,2_trans_1704.csv,1,proper_train
457,2_trans_1062.csv,1,proper_train
458,2_trans_256.csv,1,proper_train
459,2_trans_242.csv,3,calibration
460,2_trans_1710.csv,1,proper_train
461,2_trans_2219.csv,1,proper_train
462,2_trans_524.csv,1,proper_train
463,2_trans_1738.csv,1,calibration
464,2_trans_2557.csv,1,proper_train
465,2_trans_2543.csv,3,proper_train
466,2_trans_2225.csv,1,proper_train
467,2_trans_518.csv,1,proper_train
468,2_trans_281.csv,1,proper_train
469,2_trans_1923.csv,1,proper_train
470,2_trans_2580.csv,1,proper_train
471,2_trans_1089.csv,1,proper_train
472,2_trans_2769.csv,1,proper_train
473,2_trans_732.csv,4,proper_train
474,2_trans_726.csv,1,calibration
475,2_trans_1512.csv,3,proper_train
476,2_trans_1274.csv,1,calibration
477,2_trans_2033.csv,1,proper_train
478,2_trans_2741.csv,4,proper_train
479,2_trans_2999.csv,2,proper_train
480,2_trans_1248.csv,1,proper_train
481,2_trans_2972.csv,4,proper_train
482,2_trans_929.csv,1,proper_train
483,2_trans_915.csv,1,proper_train
484,2_trans_901.csv,1,calibration
485,2_trans_2782.csv,1,calibration
486,2_trans_1314.csv,1,proper_train
487,2_trans_1472.csv,1,calibration
488,2_trans_646.csv,1,proper_train
489,2_trans_652.csv,1,proper_train
490,2_trans_1466.csv,1,proper_train
491,2_trans_1300.csv,1,calibration
492,2_trans_2609.csv,1,calibration
493,2_trans_1328.csv,4,proper_train
494,2_trans_2147.csv,1,proper_train
495,2_trans_2153.csv,1,proper_train
496,2_trans_108.csv,1,proper_train
497,2_trans_2635.csv,1,proper_train
498,2_trans_685.csv,1,calibration
499,2_trans_37.csv,1,proper_train
500,2_trans_691.csv,1,calibration
501,2_trans_849.csv,1,calibration
502,2_trans_2812.csv,2,calibration
503,2_trans_2184.csv,1,calibration
504,2_trans_861.csv,1,calibration
505,2_trans_2190.csv,1,calibration
506,2_trans_875.csv,1,proper_train
507,2_trans_1499.csv,4,proper_train
508,2_trans_444.csv,1,proper_train
509,2_trans_2379.csv,1,calibration
510,2_trans_1670.csv,1,calibration
511,2_trans_322.csv,1,proper_train
512,2_trans_336.csv,1,proper_train
513,2_trans_1102.csv,1,proper_train
514,2_trans_1664.csv,1,proper_train
515,2_trans_450.csv,1,proper_train
516,2_trans_1894.csv,1,proper_train
517,2_trans_478.csv,3,proper_train
518,2_trans_2345.csv,1,proper_train
519,2_trans_2423.csv,3,proper_train
520,2_trans_1658.csv,1,proper_train
521,2_trans_1880.csv,1,proper_train
522,2_trans_487.csv,1,proper_train
523,2_trans_2386.csv,1,calibration
524,2_trans_1843.csv,1,proper_train
525,2_trans_2392.csv,4,proper_train
526,2_trans_392.csv,1,proper_train
527,2_trans_1818.csv,1,proper_train
528,2_trans_386.csv,1,proper_train
529,2_trans_2493.csv,4,proper_train
530,2_trans_1824.csv,1,proper_train
531,2_trans_1830.csv,1,proper_train
532,2_trans_2487.csv,1,proper_train
533,2_trans_351.csv,1,proper_train
534,2_trans_1165.csv,1,proper_train
535,2_trans_437.csv,1,proper_train
536,2_trans_423.csv,1,proper_train
537,2_trans_3000.csv,2,proper_train
538,2_trans_345.csv,1,proper_train
539,2_trans_2478.csv,1,calibration
540,2_trans_2336.csv,1,proper_train
541,2_trans_2322.csv,1,proper_train
542,2_trans_379.csv,1,proper_train
543,2_trans_44.csv,1,proper_train
544,2_trans_184.csv,1,proper_train
545,2_trans_2861.csv,2,calibration
546,2_trans_812.csv,3,calibration
547,2_trans_78.csv,1,calibration
548,2_trans_1398.csv,1,proper_train
549,2_trans_2849.csv,2,calibration
550,2_trans_806.csv,1,proper_train
551,2_trans_2108.csv,1,proper_train
552,2_trans_1401.csv,1,calibration
553,2_trans_87.csv,1,proper_train
554,2_trans_1367.csv,1,calibration
555,2_trans_153.csv,4,proper_train
556,2_trans_1373.csv,1,proper_train
557,2_trans_1415.csv,1,proper_train
558,2_trans_93.csv,1,proper_train
559,2_trans_621.csv,1,proper_train
560,2_trans_609.csv,1,proper_train
561,2_trans_2134.csv,1,proper_train
562,2_trans_2652.csv,4,calibration
563,2_trans_2646.csv,1,proper_train
564,2_trans_2120.csv,1,proper_train
565,2_trans_782.csv,1,calibration
566,2_trans_2915.csv,4,proper_train
567,2_trans_796.csv,1,proper_train
568,2_trans_2083.csv,1,proper_train
569,2_trans_972.csv,1,calibration
570,2_trans_741.csv,4,proper_train
571,2_trans_1575.csv,4,calibration
572,2_trans_1213.csv,1,proper_train
573,2_trans_1207.csv,1,proper_train
574,2_trans_1561.csv,1,proper_train
575,2_trans_2068.csv,1,calibration
576,2_trans_755.csv,1,proper_train
577,2_trans_1549.csv,1,proper_train
578,2_trans_2040.csv,1,proper_train
579,2_trans_2732.csv,1,calibration
580,2_trans_769.csv,1,proper_train
581,2_trans_580.csv,1,proper_train
582,2_trans_1978.csv,1,calibration
583,2_trans_594.csv,1,proper_train
584,2_trans_1950.csv,1,proper_train
585,2_trans_1788.csv,1,calibration
586,2_trans_2281.csv,1,calibration
587,2_trans_2295.csv,1,proper_train
588,2_trans_225.csv,1,calibration
589,2_trans_1777.csv,1,calibration
590,2_trans_543.csv,1,calibration
591,2_trans_557.csv,1,proper_train
592,2_trans_1763.csv,1,calibration
593,2_trans_231.csv,1,proper_train
594,2_trans_2524.csv,1,proper_train
595,2_trans_219.csv,1,proper_train
596,2_trans_2242.csv,1,proper_train
597,2_trans_1987.csv,1,proper_train
598,2_trans_2256.csv,1,proper_train
599,2_trans_2530.csv,1,proper_train
600,2_trans_1039.csv,1,calibration
601,2_trans_2257.csv,1,proper_train
602,2_trans_1986.csv,1,proper_train
603,2_trans_1038.csv,1,calibration
604,2_trans_2531.csv,1,calibration
605,2_trans_2525.csv,1,calibration
606,2_trans_556.csv,1,proper_train
607,2_trans_230.csv,1,proper_train
608,2_trans_1010.csv,1,calibration
609,2_trans_224.csv,1,proper_train
610,2_trans_2519.csv,1,proper_train
611,2_trans_542.csv,1,proper_train
612,2_trans_1776.csv,1,calibration
613,2_trans_1945.csv,1,proper_train
614,2_trans_2294.csv,1,proper_train
615,2_trans_2280.csv,1,proper_train
616,2_trans_1789.csv,1,proper_train
617,2_trans_595.csv,1,proper_train
618,2_trans_1979.csv,1,calibration
619,2_trans_581.csv,3,proper_train
620,2_trans_2733.csv,1,proper_train
621,2_trans_768.csv,1,proper_train
622,2_trans_1548.csv,4,proper_train
623,2_trans_2727.csv,1,proper_train
624,2_trans_1560.csv,1,proper_train
625,2_trans_1574.csv,3,proper_train
626,2_trans_1212.csv,1,proper_train
627,2_trans_2928.csv,2,proper_train
628,2_trans_2096.csv,1,calibration
629,2_trans_2914.csv,2,proper_train
630,2_trans_797.csv,1,calibration
631,2_trans_2900.csv,2,proper_train
632,2_trans_2647.csv,1,calibration
633,2_trans_1428.csv,1,calibration
634,2_trans_2653.csv,1,calibration
635,2_trans_1372.csv,1,proper_train
636,2_trans_146.csv,1,proper_train
637,2_trans_92.csv,1,calibration
638,2_trans_1414.csv,1,proper_train
639,2_trans_86.csv,1,calibration
640,2_trans_1400.csv,1,proper_train
641,2_trans_2109.csv,1,proper_train
642,2_trans_634.csv,1,calibration
643,2_trans_152.csv,3,calibration
644,2_trans_1366.csv,1,calibration
645,2_trans_2684.csv,1,proper_train
646,2_trans_807.csv,1,proper_train
647,2_trans_813.csv,3,proper_train
648,2_trans_2690.csv,1,calibration
649,2_trans_1399.csv,1,proper_train
650,2_trans_2860.csv,2,proper_train
651,2_trans_185.csv,1,proper_train
652,2_trans_2874.csv,2,proper_train
653,2_trans_191.csv,1,proper_train
654,2_trans_2323.csv,4,calibration
655,2_trans_2451.csv,1,proper_train
656,2_trans_2337.csv,1,proper_train
657,2_trans_1616.csv,1,proper_train
658,2_trans_422.csv,1,proper_train
659,2_trans_2479.csv,1,proper_train
660,2_trans_1164.csv,1,proper_train
661,2_trans_350.csv,1,proper_train
662,2_trans_436.csv,1,proper_train
663,2_trans_1602.csv,1,proper_train
664,2_trans_1831.csv,1,calibration
665,2_trans_2486.csv,1,proper_train
666,2_trans_2492.csv,1,proper_train
667,2_trans_393.csv,1,calibration
668,2_trans_1819.csv,1,proper_train
669,2_trans_391.csv,1,proper_train
670,2_trans_2484.csv,1,proper_train
671,2_trans_1827.csv,1,proper_train
672,2_trans_2490.csv,1,proper_train
673,2_trans_1172.csv,1,calibration
674,2_trans_1614.csv,1,proper_train
675,2_trans_1600.csv,1,proper_train
676,2_trans_434.csv,1,proper_train
677,2_trans_352.csv,1,calibration
678,2_trans_1166.csv,1,proper_train
679,2_trans_2447.csv,1,proper_train
680,2_trans_1628.csv,1,proper_train
681,2_trans_2321.csv,1,proper_train
682,2_trans_2335.csv,1,proper_train
683,2_trans_408.csv,1,calibration
684,2_trans_2453.csv,1,proper_train
685,2_trans_839.csv,1,proper_train
686,2_trans_53.csv,1,calibration
687,2_trans_187.csv,1,proper_train
688,2_trans_2862.csv,2,calibration
689,2_trans_193.csv,1,proper_train
690,2_trans_2876.csv,4,proper_train
691,2_trans_47.csv,1,calibration
692,2_trans_2686.csv,1,calibration
693,2_trans_2692.csv,1,calibration
694,2_trans_811.csv,1,calibration
695,2_trans_1416.csv,1,proper_train
696,2_trans_90.csv,1,proper_train
697,2_trans_622.csv,1,proper_train
698,2_trans_1364.csv,1,calibration
699,2_trans_1402.csv,1,proper_train
700,2_trans_84.csv,1,proper_train
701,2_trans_2123.csv,1,proper_train
702,2_trans_2651.csv,1,proper_train
703,2_trans_2889.csv,2,calibration
704,2_trans_1358.csv,1,calibration
705,2_trans_2137.csv,1,proper_train
706,2_trans_2916.csv,4,calibration
707,2_trans_2902.csv,2,proper_train
708,2_trans_781.csv,1,proper_train
709,2_trans_959.csv,1,calibration
710,2_trans_971.csv,1,proper_train
711,2_trans_2094.csv,1,proper_train
712,2_trans_965.csv,1,calibration
713,2_trans_1589.csv,1,proper_train
714,2_trans_756.csv,1,proper_train
715,2_trans_1204.csv,1,proper_train
716,2_trans_1210.csv,1,proper_train
717,2_trans_2719.csv,1,proper_train
718,2_trans_742.csv,1,calibration
719,2_trans_2057.csv,1,proper_train
720,2_trans_1238.csv,1,proper_train
721,2_trans_2725.csv,1,proper_train
722,2_trans_2043.csv,1,proper_train
723,2_trans_597.csv,1,proper_train
724,2_trans_583.csv,3,proper_train
725,2_trans_2296.csv,1,calibration
726,2_trans_1947.csv,4,proper_train
727,2_trans_1953.csv,1,proper_train
728,2_trans_2282.csv,1,proper_train
729,2_trans_1006.csv,1,proper_train
730,2_trans_554.csv,1,proper_train
731,2_trans_2269.csv,1,proper_train
732,2_trans_1760.csv,4,calibration
733,2_trans_1774.csv,1,proper_train
734,2_trans_540.csv,1,proper_train
735,2_trans_226.csv,1,calibration
736,2_trans_1012.csv,1,proper_train
737,2_trans_2533.csv,1,proper_train
738,2_trans_1984.csv,1,proper_train
739,2_trans_568.csv,4,proper_train
740,2_trans_2255.csv,1,proper_train
741,2_trans_2241.csv,1,proper_train
742,2_trans_1748.csv,1,calibration
743,2_trans_2527.csv,1,proper_train
744,2_trans_1749.csv,1,calibration
745,2_trans_2240.csv,1,proper_train
746,2_trans_569.csv,1,proper_train
747,2_trans_1985.csv,3,calibration
748,2_trans_541.csv,4,proper_train
749,2_trans_1775.csv,1,proper_train
750,2_trans_1013.csv,1,calibration
751,2_trans_233.csv,4,calibration
752,2_trans_2268.csv,1,proper_train
753,2_trans_555.csv,1,proper_train
754,2_trans_2283.csv,1,proper_train
755,2_trans_1952.csv,1,proper_train
756,2_trans_1946.csv,1,proper_train
757,2_trans_2297.csv,1,proper_train
758,2_trans_582.csv,1,proper_train
759,2_trans_2724.csv,1,proper_train
760,2_trans_2042.csv,1,proper_train
761,2_trans_2056.csv,1,proper_train
762,2_trans_2730.csv,1,calibration
763,2_trans_1239.csv,1,proper_train
764,2_trans_2718.csv,1,calibration
765,2_trans_1211.csv,1,proper_train
766,2_trans_1577.csv,1,calibration
767,2_trans_743.csv,1,proper_train
768,2_trans_1563.csv,1,proper_train
769,2_trans_2081.csv,1,proper_train
770,2_trans_964.csv,1,proper_train
771,2_trans_2095.csv,1,calibration
772,2_trans_970.csv,1,calibration
773,2_trans_2903.csv,4,calibration
774,2_trans_958.csv,1,proper_train
775,2_trans_794.csv,1,calibration
776,2_trans_1359.csv,1,proper_train
777,2_trans_2888.csv,4,proper_train
778,2_trans_2122.csv,3,proper_train
779,2_trans_2644.csv,1,proper_train
780,2_trans_151.csv,1,proper_train
781,2_trans_1365.csv,1,calibration
782,2_trans_85.csv,1,calibration
783,2_trans_637.csv,1,calibration
784,2_trans_623.csv,1,calibration
785,2_trans_1417.csv,1,proper_train
786,2_trans_1371.csv,1,proper_train
787,2_trans_2678.csv,1,calibration
788,2_trans_810.csv,1,calibration
789,2_trans_2877.csv,4,proper_train
790,2_trans_46.csv,1,calibration
791,2_trans_52.csv,1,calibration
792,2_trans_838.csv,4,proper_train
793,2_trans_2863.csv,4,proper_train
794,2_trans_186.csv,1,proper_train
795,2_trans_409.csv,1,proper_train
796,2_trans_2334.csv,1,proper_train
797,2_trans_2452.csv,1,proper_train
798,2_trans_2446.csv,1,calibration
799,2_trans_2320.csv,1,proper_train
800,2_trans_1629.csv,3,calibration
801,2_trans_1601.csv,1,calibration
802,2_trans_1167.csv,1,calibration
803,2_trans_1173.csv,1,proper_train
804,2_trans_1615.csv,1,calibration
805,2_trans_421.csv,4,proper_train
806,2_trans_1198.csv,1,calibration
807,2_trans_2491.csv,1,proper_train
808,2_trans_2485.csv,1,proper_train
809,2_trans_390.csv,1,proper_train
810,2_trans_384.csv,3,proper_train
811,2_trans_1836.csv,1,calibration
812,2_trans_1188.csv,1,proper_train
813,2_trans_2495.csv,1,proper_train
814,2_trans_1822.csv,1,proper_train
815,2_trans_380.csv,3,proper_train
816,2_trans_2324.csv,1,proper_train
817,2_trans_419.csv,1,proper_train
818,2_trans_2456.csv,1,proper_train
819,2_trans_2330.csv,1,proper_train
820,2_trans_1639.csv,1,proper_train
821,2_trans_425.csv,4,calibration
822,2_trans_1611.csv,1,proper_train
823,2_trans_1177.csv,1,proper_train
824,2_trans_343.csv,1,proper_train
825,2_trans_1605.csv,1,proper_train
826,2_trans_431.csv,1,proper_train
827,2_trans_2683.csv,1,proper_train
828,2_trans_800.csv,1,proper_train
829,2_trans_814.csv,1,proper_train
830,2_trans_2697.csv,1,proper_train
831,2_trans_2867.csv,2,calibration
832,2_trans_56.csv,1,calibration
833,2_trans_42.csv,1,proper_train
834,2_trans_828.csv,1,calibration
835,2_trans_2873.csv,2,proper_train
836,2_trans_1349.csv,1,calibration
837,2_trans_2898.csv,2,proper_train
838,2_trans_2132.csv,1,calibration
839,2_trans_2654.csv,1,calibration
840,2_trans_169.csv,3,calibration
841,2_trans_1375.csv,4,proper_train
842,2_trans_1413.csv,1,calibration
843,2_trans_95.csv,1,proper_train
844,2_trans_627.csv,1,calibration
845,2_trans_633.csv,1,calibration
846,2_trans_1361.csv,1,proper_train
847,2_trans_2668.csv,1,proper_train
848,2_trans_1598.csv,1,proper_train
849,2_trans_960.csv,1,proper_train
850,2_trans_790.csv,1,proper_train
851,2_trans_2907.csv,2,proper_train
852,2_trans_2052.csv,1,calibration
853,2_trans_2046.csv,1,proper_train
854,2_trans_2720.csv,1,calibration
855,2_trans_1229.csv,1,calibration
856,2_trans_1201.csv,1,proper_train
857,2_trans_1567.csv,1,proper_train
858,2_trans_753.csv,1,calibration
859,2_trans_747.csv,1,calibration
860,2_trans_1573.csv,1,proper_train
861,2_trans_1942.csv,1,proper_train
862,2_trans_2287.csv,1,proper_train
863,2_trans_592.csv,1,proper_train
864,2_trans_1759.csv,1,proper_train
865,2_trans_1981.csv,1,calibration
866,2_trans_2250.csv,1,proper_train
867,2_trans_2536.csv,1,proper_train
868,2_trans_579.csv,1,proper_train
869,2_trans_2244.csv,1,proper_train
870,2_trans_551.csv,1,proper_train
871,2_trans_1765.csv,1,proper_train
872,2_trans_237.csv,1,proper_train
873,2_trans_223.csv,3,calibration
874,2_trans_1017.csv,3,proper_train
875,2_trans_545.csv,1,proper_train
876,2_trans_1016.csv,1,proper_train
877,2_trans_222.csv,1,calibration
878,2_trans_2279.csv,1,proper_train
879,2_trans_544.csv,1,proper_train
880,2_trans_1770.csv,1,proper_train
881,2_trans_1764.csv,1,proper_train
882,2_trans_236.csv,1,proper_train
883,2_trans_1002.csv,1,calibration
884,2_trans_2523.csv,1,calibration
885,2_trans_2245.csv,1,proper_train
886,2_trans_587.csv,1,proper_train
887,2_trans_2286.csv,1,calibration
888,2_trans_1957.csv,1,proper_train
889,2_trans_1943.csv,4,calibration
890,2_trans_2292.csv,3,proper_train
891,2_trans_1572.csv,4,proper_train
892,2_trans_746.csv,1,proper_train
893,2_trans_1214.csv,1,proper_train
894,2_trans_1200.csv,1,proper_train
895,2_trans_2709.csv,1,proper_train
896,2_trans_1566.csv,4,calibration
897,2_trans_2047.csv,1,proper_train
898,2_trans_1228.csv,1,proper_train
899,2_trans_2721.csv,1,proper_train
900,2_trans_2735.csv,1,proper_train
901,2_trans_2906.csv,4,proper_train
902,2_trans_949.csv,1,proper_train
903,2_trans_791.csv,1,calibration
904,2_trans_961.csv,1,proper_train
905,2_trans_975.csv,1,calibration
906,2_trans_2090.csv,1,proper_train
907,2_trans_1599.csv,1,proper_train
908,2_trans_80.csv,1,proper_train
909,2_trans_632.csv,1,proper_train
910,2_trans_2669.csv,1,calibration
911,2_trans_1360.csv,1,calibration
912,2_trans_1374.csv,1,calibration
913,2_trans_140.csv,1,proper_train
914,2_trans_1412.csv,1,calibration
915,2_trans_168.csv,1,proper_train
916,2_trans_2641.csv,1,proper_train
917,2_trans_1348.csv,1,proper_train
918,2_trans_2127.csv,1,proper_train
919,2_trans_2872.csv,2,proper_train
920,2_trans_183.csv,4,proper_train
921,2_trans_2866.csv,2,proper_train
922,2_trans_57.csv,1,proper_train
923,2_trans_815.csv,1,proper_train
924,2_trans_2682.csv,1,calibration
925,2_trans_801.csv,1,proper_train
926,2_trans_1162.csv,1,proper_train
927,2_trans_356.csv,1,calibration
928,2_trans_430.csv,1,proper_train
929,2_trans_1610.csv,1,calibration
930,2_trans_1176.csv,1,proper_train
931,2_trans_2457.csv,4,proper_train
932,2_trans_1638.csv,1,proper_train
933,2_trans_2331.csv,1,calibration
934,2_trans_2325.csv,1,proper_train
935,2_trans_2443.csv,1,calibration
936,2_trans_395.csv,1,calibration
937,2_trans_381.csv,1,proper_train
938,2_trans_2494.csv,1,proper_train
939,2_trans_1837.csv,1,proper_train
940,2_trans_2496.csv,1,calibration
941,2_trans_1835.csv,1,proper_train
942,2_trans_383.csv,1,calibration
943,2_trans_1809.csv,4,calibration
944,2_trans_2333.csv,1,calibration
945,2_trans_368.csv,1,proper_train
946,2_trans_2441.csv,1,proper_train
947,2_trans_1148.csv,1,calibration
948,2_trans_2327.csv,1,proper_train
949,2_trans_1606.csv,1,proper_train
950,2_trans_432.csv,1,proper_train
951,2_trans_354.csv,1,proper_train
952,2_trans_2469.csv,1,calibration
953,2_trans_1174.csv,1,proper_train
954,2_trans_340.csv,1,proper_train
955,2_trans_1612.csv,4,proper_train
956,2_trans_2694.csv,1,proper_train
957,2_trans_817.csv,1,proper_train
958,2_trans_2858.csv,2,proper_train
959,2_trans_1389.csv,1,calibration
960,2_trans_41.csv,1,calibration
961,2_trans_55.csv,1,calibration
962,2_trans_2864.csv,2,calibration
963,2_trans_181.csv,4,proper_train
964,2_trans_2657.csv,1,proper_train
965,2_trans_1438.csv,1,proper_train
966,2_trans_2131.csv,1,calibration
967,2_trans_618.csv,1,calibration
968,2_trans_2643.csv,1,proper_train
969,2_trans_630.csv,1,calibration
970,2_trans_1404.csv,4,calibration
971,2_trans_1410.csv,1,proper_train
972,2_trans_96.csv,1,proper_train
973,2_trans_624.csv,4,proper_train
974,2_trans_2119.csv,4,calibration
975,2_trans_142.csv,1,calibration
976,2_trans_2938.csv,4,proper_train
977,2_trans_2086.csv,1,calibration
978,2_trans_963.csv,1,proper_train
979,2_trans_2092.csv,4,proper_train
980,2_trans_2904.csv,2,calibration
981,2_trans_793.csv,1,proper_train
982,2_trans_2910.csv,2,proper_train
983,2_trans_2723.csv,1,calibration
984,2_trans_2045.csv,1,calibration
985,2_trans_778.csv,1,proper_train
986,2_trans_2051.csv,1,proper_train
987,2_trans_1558.csv,1,proper_train
988,2_trans_2737.csv,1,proper_train
989,2_trans_2079.csv,1,proper_train
990,2_trans_744.csv,3,proper_train
991,2_trans_1570.csv,1,proper_train
992,2_trans_988.csv,4,proper_train
993,2_trans_1202.csv,1,proper_train
994,2_trans_1955.csv,1,proper_train
995,2_trans_2284.csv,1,proper_train
996,2_trans_1941.csv,1,calibration
997,2_trans_585.csv,1,proper_train
998,2_trans_1969.csv,1,proper_train
999,2_trans_2247.csv,1,proper_train
1000,2_trans_1996.csv,1,proper_train
1001,2_trans_1028.csv,4,calibration
1002,2_trans_2521.csv,1,proper_train
1003,2_trans_2535.csv,1,calibration
1004,2_trans_208.csv,1,calibration
1005,2_trans_1982.csv,1,proper_train
1006,2_trans_2253.csv,1,proper_train
1007,2_trans_1772.csv,1,proper_train
1008,2_trans_546.csv,1,proper_train
1009,2_trans_220.csv,1,calibration
1010,2_trans_1000.csv,1,proper_train
1011,2_trans_2509.csv,4,calibration
1012,2_trans_234.csv,1,proper_train
1013,2_trans_552.csv,1,calibration
1014,2_trans_1766.csv,1,calibration
1015,2_trans_235.csv,1,proper_train
1016,2_trans_2508.csv,1,calibration
1017,2_trans_1001.csv,1,proper_train
1018,2_trans_553.csv,1,calibration
1019,2_trans_1015.csv,1,proper_train
1020,2_trans_2534.csv,1,calibration
1021,2_trans_2252.csv,1,proper_train
1022,2_trans_1983.csv,4,proper_train
1023,2_trans_2246.csv,3,proper_train
1024,2_trans_2520.csv,1,proper_train
1025,2_trans_1029.csv,1,calibration
1026,2_trans_1968.csv,1,proper_train
1027,2_trans_584.csv,1,proper_train
1028,2_trans_1798.csv,1,proper_train
1029,2_trans_1940.csv,1,proper_train
1030,2_trans_2291.csv,1,proper_train
1031,2_trans_2285.csv,1,proper_train
1032,2_trans_751.csv,1,proper_train
1033,2_trans_989.csv,1,proper_train
1034,2_trans_1203.csv,1,proper_train
1035,2_trans_1571.csv,1,proper_train
1036,2_trans_1559.csv,1,calibration
1037,2_trans_2050.csv,1,proper_train
1038,2_trans_2736.csv,1,calibration
1039,2_trans_2722.csv,1,calibration
1040,2_trans_779.csv,1,proper_train
1041,2_trans_2044.csv,4,proper_train
1042,2_trans_792.csv,1,calibration
1043,2_trans_976.csv,1,proper_train
1044,2_trans_2093.csv,1,proper_train
1045,2_trans_2939.csv,2,proper_train
1046,2_trans_962.csv,1,proper_train
1047,2_trans_2087.csv,4,proper_train
1048,2_trans_2118.csv,1,calibration
1049,2_trans_1411.csv,1,proper_train
1050,2_trans_1377.csv,1,proper_train
1051,2_trans_157.csv,1,calibration
1052,2_trans_1363.csv,1,proper_train
1053,2_trans_83.csv,1,proper_train
1054,2_trans_1405.csv,1,calibration
1055,2_trans_631.csv,1,proper_train
1056,2_trans_2124.csv,1,proper_train
1057,2_trans_619.csv,4,proper_train
1058,2_trans_2656.csv,1,proper_train
1059,2_trans_2130.csv,4,calibration
1060,2_trans_1439.csv,1,calibration
1061,2_trans_54.csv,1,calibration
1062,2_trans_2865.csv,4,calibration
1063,2_trans_194.csv,3,proper_train
1064,2_trans_40.csv,1,proper_train
1065,2_trans_802.csv,1,proper_train
1066,2_trans_68.csv,1,proper_train
1067,2_trans_1388.csv,1,proper_train
1068,2_trans_2859.csv,2,calibration
1069,2_trans_2695.csv,1,calibration
1070,2_trans_816.csv,2,proper_train
1071,2_trans_341.csv,1,calibration
1072,2_trans_1175.csv,1,calibration
1073,2_trans_433.csv,1,proper_train
1074,2_trans_1607.csv,1,calibration
1075,2_trans_1161.csv,1,proper_train
1076,2_trans_355.csv,1,proper_train
1077,2_trans_1149.csv,1,calibration
1078,2_trans_2440.csv,1,proper_train
1079,2_trans_2326.csv,1,proper_train
1080,2_trans_369.csv,1,proper_train
1081,2_trans_1808.csv,1,proper_train
1082,2_trans_2497.csv,1,proper_train
1083,2_trans_1187.csv,1,proper_train
1084,2_trans_1839.csv,4,proper_train
1085,2_trans_1193.csv,4,proper_train
1086,2_trans_1805.csv,1,proper_train
1087,2_trans_1144.csv,1,calibration
1088,2_trans_416.csv,1,proper_train
1089,2_trans_1622.csv,1,proper_train
1090,2_trans_402.csv,4,proper_train
1091,2_trans_364.csv,1,proper_train
1092,2_trans_2459.csv,1,calibration
1093,2_trans_1150.csv,1,calibration
1094,2_trans_2471.csv,1,calibration
1095,2_trans_2317.csv,1,proper_train
1096,2_trans_2303.csv,1,proper_train
1097,2_trans_358.csv,1,proper_train
1098,2_trans_2465.csv,3,proper_train
1099,2_trans_65.csv,1,proper_train
1100,2_trans_1385.csv,1,calibration
1101,2_trans_2854.csv,2,proper_train
1102,2_trans_2840.csv,2,proper_train
1103,2_trans_827.csv,1,proper_train
1104,2_trans_1420.csv,1,proper_train
1105,2_trans_614.csv,1,proper_train
1106,2_trans_2129.csv,3,proper_train
1107,2_trans_2897.csv,2,proper_train
1108,2_trans_1346.csv,1,proper_train
1109,2_trans_1352.csv,1,proper_train
1110,2_trans_166.csv,1,proper_train
1111,2_trans_2883.csv,4,proper_train
1112,2_trans_600.csv,1,proper_train
1113,2_trans_1434.csv,1,proper_train
1114,2_trans_2673.csv,3,proper_train
1115,2_trans_2667.csv,1,calibration
1116,2_trans_1408.csv,1,proper_train
1117,2_trans_1597.csv,1,calibration
1118,2_trans_2920.csv,4,calibration
1119,2_trans_1583.csv,1,proper_train
1120,2_trans_947.csv,1,proper_train
1121,2_trans_2908.csv,2,proper_train
1122,2_trans_953.csv,1,proper_train
1123,2_trans_760.csv,1,proper_train
1124,2_trans_1232.csv,1,proper_train
1125,2_trans_774.csv,1,proper_train
1126,2_trans_1540.csv,4,proper_train
1127,2_trans_984.csv,3,proper_train
1128,2_trans_2707.csv,3,proper_train
1129,2_trans_2713.csv,1,calibration
1130,2_trans_2075.csv,1,proper_train
1131,2_trans_748.csv,1,proper_train
1132,2_trans_1795.csv,3,calibration
1133,2_trans_2288.csv,1,proper_train
1134,2_trans_1781.csv,4,calibration
1135,2_trans_1971.csv,1,proper_train
1136,2_trans_1965.csv,1,proper_train
1137,2_trans_589.csv,1,proper_train
1138,2_trans_1030.csv,1,calibration
1139,2_trans_2539.csv,1,calibration
1140,2_trans_1756.csv,1,calibration
1141,2_trans_1742.csv,1,proper_train
1142,2_trans_210.csv,1,proper_train
1143,2_trans_2505.csv,1,proper_train
1144,2_trans_238.csv,1,proper_train
1145,2_trans_2263.csv,1,proper_train
1146,2_trans_2277.csv,1,calibration
1147,2_trans_1018.csv,4,proper_train
1148,2_trans_1019.csv,1,proper_train
1149,2_trans_239.csv,1,proper_train
1150,2_trans_2504.csv,1,proper_train
1151,2_trans_2262.csv,1,proper_train
1152,2_trans_577.csv,1,proper_train
1153,2_trans_2538.csv,1,proper_train
1154,2_trans_1031.csv,1,proper_train
1155,2_trans_1970.csv,1,proper_train
1156,2_trans_1780.csv,1,proper_train
1157,2_trans_1958.csv,1,proper_train
1158,2_trans_2289.csv,1,proper_train
1159,2_trans_1794.csv,1,proper_train
1160,2_trans_2712.csv,1,proper_train
1161,2_trans_1569.csv,1,proper_train
1162,2_trans_2706.csv,1,proper_train
1163,2_trans_1227.csv,1,calibration
1164,2_trans_1541.csv,3,calibration
1165,2_trans_775.csv,1,proper_train
1166,2_trans_2048.csv,1,proper_train
1167,2_trans_761.csv,1,calibration
1168,2_trans_1233.csv,1,calibration
1169,2_trans_952.csv,1,calibration
1170,2_trans_946.csv,1,calibration
1171,2_trans_1596.csv,1,proper_train
1172,2_trans_2666.csv,1,calibration
1173,2_trans_2100.csv,1,calibration
1174,2_trans_1409.csv,1,calibration
1175,2_trans_2114.csv,4,proper_train
1176,2_trans_2882.csv,2,proper_train
1177,2_trans_601.csv,1,proper_train
1178,2_trans_2128.csv,1,proper_train
1179,2_trans_615.csv,1,proper_train
1180,2_trans_1421.csv,1,proper_train
1181,2_trans_1347.csv,1,proper_train
1182,2_trans_173.csv,1,proper_train
1183,2_trans_198.csv,1,proper_train
1184,2_trans_826.csv,1,proper_train
1185,2_trans_832.csv,1,proper_train
1186,2_trans_58.csv,1,calibration
1187,2_trans_2869.csv,2,proper_train
1188,2_trans_1390.csv,1,calibration
1189,2_trans_2699.csv,1,proper_train
1190,2_trans_2841.csv,4,proper_train
1191,2_trans_64.csv,1,proper_train
1192,2_trans_2855.csv,2,calibration
1193,2_trans_1384.csv,1,calibration
1194,2_trans_2302.csv,1,proper_train
1195,2_trans_1179.csv,1,proper_train
1196,2_trans_2470.csv,1,proper_train
1197,2_trans_2316.csv,3,proper_train
1198,2_trans_403.csv,3,proper_train
1199,2_trans_1151.csv,1,proper_train
1200,2_trans_2458.csv,1,calibration
1201,2_trans_365.csv,1,calibration
1202,2_trans_1804.csv,1,proper_train
1203,2_trans_1190.csv,1,proper_train
1204,2_trans_2499.csv,1,proper_train
1205,2_trans_1184.csv,1,proper_train
1206,2_trans_398.csv,1,proper_train
1207,2_trans_1812.csv,1,proper_train
1208,2_trans_1806.csv,1,proper_train
1209,2_trans_367.csv,1,proper_train
1210,2_trans_1153.csv,1,proper_train
1211,2_trans_1635.csv,1,calibration
1212,2_trans_401.csv,1,calibration
1213,2_trans_1621.csv,1,proper_train
1214,2_trans_1147.csv,1,proper_train
1215,2_trans_373.csv,1,calibration
1216,2_trans_2466.csv,3,proper_train
1217,2_trans_2300.csv,1,calibration
1218,2_trans_1609.csv,4,calibration
1219,2_trans_2314.csv,1,proper_train
1220,2_trans_429.csv,1,proper_train
1221,2_trans_2472.csv,1,proper_train
1222,2_trans_72.csv,1,proper_train
1223,2_trans_818.csv,4,proper_train
1224,2_trans_2843.csv,4,proper_train
1225,2_trans_1392.csv,1,proper_train
1226,2_trans_2857.csv,4,proper_train
1227,2_trans_824.csv,1,calibration
1228,2_trans_1437.csv,1,calibration
1229,2_trans_1351.csv,1,proper_train
1230,2_trans_2658.csv,1,proper_train
1231,2_trans_165.csv,1,proper_train
1232,2_trans_2880.csv,4,proper_train
1233,2_trans_171.csv,1,proper_train
1234,2_trans_2894.csv,4,proper_train
1235,2_trans_1345.csv,1,calibration
1236,2_trans_2664.csv,1,proper_train
1237,2_trans_1379.csv,1,proper_train
1238,2_trans_2670.csv,4,proper_train
1239,2_trans_99.csv,1,calibration
1240,2_trans_2089.csv,1,calibration
1241,2_trans_2937.csv,2,proper_train
1242,2_trans_2923.csv,2,proper_train
1243,2_trans_978.csv,1,proper_train
1244,2_trans_950.csv,1,calibration
1245,2_trans_944.csv,1,calibration
1246,2_trans_1543.csv,1,calibration
1247,2_trans_2738.csv,1,calibration
1248,2_trans_1557.csv,1,proper_train
1249,2_trans_763.csv,1,calibration
1250,2_trans_993.csv,1,calibration
1251,2_trans_2076.csv,1,calibration
1252,2_trans_2710.csv,1,proper_train
1253,2_trans_1219.csv,3,calibration
1254,2_trans_2704.csv,1,proper_train
1255,2_trans_1782.csv,1,proper_train
1256,2_trans_1796.csv,1,calibration
1257,2_trans_1966.csv,3,calibration
1258,2_trans_1972.csv,1,proper_train
1259,2_trans_213.csv,3,proper_train
1260,2_trans_1741.csv,1,proper_train
1261,2_trans_1999.csv,1,calibration
1262,2_trans_575.csv,1,proper_train
1263,2_trans_2248.csv,1,proper_train
1264,2_trans_561.csv,1,proper_train
1265,2_trans_1755.csv,1,proper_train
1266,2_trans_207.csv,1,proper_train
1267,2_trans_549.csv,1,proper_train
1268,2_trans_2274.csv,4,calibration
1269,2_trans_1769.csv,1,proper_train
1270,2_trans_2260.csv,1,proper_train
1271,2_trans_2261.csv,1,proper_train
1272,2_trans_2507.csv,1,calibration
1273,2_trans_2275.csv,1,calibration
1274,2_trans_548.csv,1,proper_train
1275,2_trans_206.csv,1,proper_train
1276,2_trans_1032.csv,1,proper_train
1277,2_trans_1026.csv,1,proper_train
1278,2_trans_212.csv,1,calibration
1279,2_trans_2249.csv,1,calibration
1280,2_trans_574.csv,1,proper_train
1281,2_trans_1998.csv,1,proper_train
1282,2_trans_1973.csv,1,proper_train
1283,2_trans_1967.csv,1,proper_train
1284,2_trans_2705.csv,4,calibration
1285,2_trans_2063.csv,1,proper_train
1286,2_trans_992.csv,1,calibration
1287,2_trans_1218.csv,1,proper_train
1288,2_trans_2711.csv,1,proper_train
1289,2_trans_1230.csv,3,proper_train
1290,2_trans_2739.csv,1,proper_train
1291,2_trans_762.csv,1,proper_train
1292,2_trans_1556.csv,1,calibration
1293,2_trans_1542.csv,1,proper_train
1294,2_trans_776.csv,1,proper_train
1295,2_trans_1224.csv,1,calibration
1296,2_trans_951.csv,1,calibration
1297,2_trans_789.csv,1,proper_train
1298,2_trans_1595.csv,1,calibration
1299,2_trans_979.csv,1,proper_train
1300,2_trans_2088.csv,1,calibration
1301,2_trans_1581.csv,1,proper_train
1302,2_trans_2936.csv,4,proper_train
1303,2_trans_98.csv,3,proper_train
1304,2_trans_2103.csv,3,proper_train
1305,2_trans_2665.csv,1,calibration
1306,2_trans_1344.csv,1,proper_train
1307,2_trans_2895.csv,2,proper_train
1308,2_trans_616.csv,4,calibration
1309,2_trans_1422.csv,1,proper_train
1310,2_trans_1436.csv,1,calibration
1311,2_trans_602.csv,1,calibration
1312,2_trans_2881.csv,2,calibration
1313,2_trans_164.csv,1,calibration
1314,2_trans_1350.csv,3,calibration
1315,2_trans_831.csv,4,proper_train
1316,2_trans_2856.csv,2,proper_train
1317,2_trans_1387.csv,1,calibration
1318,2_trans_67.csv,1,proper_train
1319,2_trans_1393.csv,1,proper_train
1320,2_trans_2842.csv,2,calibration
1321,2_trans_2473.csv,1,proper_train
1322,2_trans_2467.csv,1,calibration
1323,2_trans_1608.csv,1,calibration
1324,2_trans_2301.csv,3,calibration
1325,2_trans_1620.csv,1,proper_train
1326,2_trans_2329.csv,1,proper_train
1327,2_trans_372.csv,1,proper_train
1328,2_trans_1146.csv,1,calibration
1329,2_trans_1152.csv,1,calibration
1330,2_trans_366.csv,1,proper_train
1331,2_trans_400.csv,1,proper_train
1332,2_trans_399.csv,1,proper_train
1333,2_trans_1813.csv,1,calibration
1334,2_trans_1185.csv,4,calibration
1335,2_trans_2498.csv,1,proper_train
1336,2_trans_1817.csv,3,proper_train
1337,2_trans_389.csv,1,proper_train
1338,2_trans_2305.csv,3,calibration
1339,2_trans_438.csv,1,proper_train
1340,2_trans_2477.csv,1,proper_train
1341,2_trans_2311.csv,1,proper_train
1342,2_trans_1630.csv,1,calibration
1343,2_trans_2339.csv,1,proper_train
1344,2_trans_362.csv,4,proper_train
1345,2_trans_1156.csv,1,proper_train
1346,2_trans_1142.csv,1,calibration
1347,2_trans_376.csv,1,proper_train
1348,2_trans_410.csv,1,proper_train
1349,2_trans_1624.csv,1,proper_train
1350,2_trans_835.csv,1,calibration
1351,2_trans_2846.csv,4,calibration
1352,2_trans_77.csv,1,proper_train
1353,2_trans_809.csv,4,proper_train
1354,2_trans_1383.csv,3,calibration
1355,2_trans_2852.csv,2,calibration
1356,2_trans_2661.csv,1,proper_train
1357,2_trans_2107.csv,3,calibration
1358,2_trans_2113.csv,1,proper_train
1359,2_trans_2675.csv,1,proper_train
1360,2_trans_148.csv,1,calibration
1361,2_trans_1354.csv,1,proper_train
1362,2_trans_2885.csv,4,proper_train
1363,2_trans_606.csv,1,proper_train
1364,2_trans_1432.csv,1,proper_train
1365,2_trans_1426.csv,1,proper_train
1366,2_trans_612.csv,1,calibration
1367,2_trans_2649.csv,1,proper_train
1368,2_trans_955.csv,1,proper_train
1369,2_trans_799.csv,1,proper_train
1370,2_trans_2932.csv,4,proper_train
1371,2_trans_1585.csv,1,proper_train
1372,2_trans_1591.csv,1,proper_train
1373,2_trans_2926.csv,2,proper_train
1374,2_trans_2715.csv,1,calibration
1375,2_trans_2073.csv,1,proper_train
1376,2_trans_996.csv,1,proper_train
1377,2_trans_1208.csv,4,proper_train
1378,2_trans_2701.csv,1,proper_train
1379,2_trans_1220.csv,1,calibration
1380,2_trans_2729.csv,3,proper_train
1381,2_trans_1552.csv,1,proper_train
1382,2_trans_766.csv,1,proper_train
1383,2_trans_1963.csv,1,calibration
1384,2_trans_1787.csv,1,calibration
1385,2_trans_1793.csv,1,proper_train
1386,2_trans_2271.csv,1,proper_train
1387,2_trans_1778.csv,1,calibration
1388,2_trans_2517.csv,1,calibration
1389,2_trans_2503.csv,4,calibration
1390,2_trans_2265.csv,1,proper_train
1391,2_trans_1744.csv,1,calibration
1392,2_trans_570.csv,1,calibration
1393,2_trans_1022.csv,1,proper_train
1394,2_trans_564.csv,1,proper_train
1395,2_trans_2259.csv,1,proper_train
1396,2_trans_1750.csv,1,proper_train
1397,2_trans_1988.csv,1,calibration
1398,2_trans_1989.csv,1,calibration
1399,2_trans_1751.csv,1,proper_train
1400,2_trans_2258.csv,1,proper_train
1401,2_trans_571.csv,1,calibration
1402,2_trans_1745.csv,1,proper_train
1403,2_trans_1023.csv,1,calibration
1404,2_trans_2502.csv,1,proper_train
1405,2_trans_2264.csv,1,calibration
1406,2_trans_559.csv,1,proper_train
1407,2_trans_1779.csv,1,proper_train
1408,2_trans_2270.csv,1,proper_train
1409,2_trans_2516.csv,1,calibration
1410,2_trans_1792.csv,1,calibration
1411,2_trans_1786.csv,1,proper_train
1412,2_trans_1976.csv,1,calibration
1413,2_trans_1962.csv,1,proper_train
1414,2_trans_767.csv,1,calibration
1415,2_trans_1553.csv,1,calibration
1416,2_trans_1221.csv,4,proper_train
1417,2_trans_1547.csv,1,calibration
1418,2_trans_983.csv,1,proper_train
1419,2_trans_2700.csv,1,proper_train
1420,2_trans_1209.csv,1,proper_train
1421,2_trans_2714.csv,1,calibration
1422,2_trans_997.csv,1,proper_train
1423,2_trans_2099.csv,1,proper_train
1424,2_trans_2933.csv,2,proper_train
1425,2_trans_968.csv,1,proper_train
1426,2_trans_1584.csv,3,proper_train
1427,2_trans_940.csv,1,calibration
1428,2_trans_798.csv,1,proper_train
1429,2_trans_954.csv,1,proper_train
1430,2_trans_613.csv,1,proper_train
1431,2_trans_175.csv,1,calibration
1432,2_trans_2890.csv,2,proper_train
1433,2_trans_2648.csv,1,proper_train
1434,2_trans_2884.csv,2,calibration
1435,2_trans_1433.csv,1,proper_train
1436,2_trans_607.csv,1,proper_train
1437,2_trans_2112.csv,1,proper_train
1438,2_trans_2674.csv,3,proper_train
1439,2_trans_1369.csv,1,calibration
1440,2_trans_2660.csv,4,proper_train
1441,2_trans_2106.csv,1,proper_train
1442,2_trans_62.csv,4,calibration
1443,2_trans_808.csv,1,proper_train
1444,2_trans_2853.csv,2,calibration
1445,2_trans_1382.csv,1,proper_train
1446,2_trans_1396.csv,1,proper_train
1447,2_trans_834.csv,1,proper_train
1448,2_trans_820.csv,1,proper_train
1449,2_trans_377.csv,1,proper_train
1450,2_trans_1625.csv,1,proper_train
1451,2_trans_411.csv,1,calibration
1452,2_trans_405.csv,1,proper_train
1453,2_trans_1157.csv,3,proper_train
1454,2_trans_363.csv,4,proper_train
1455,2_trans_2476.csv,1,proper_train
1456,2_trans_439.csv,4,proper_train
1457,2_trans_2462.csv,1,calibration
1458,2_trans_1194.csv,1,calibration
1459,2_trans_1802.csv,1,proper_train
1460,2_trans_1800.csv,1,calibration
1461,2_trans_1814.csv,1,proper_train
1462,2_trans_1196.csv,1,proper_train
1463,2_trans_1828.csv,3,proper_train
1464,2_trans_2312.csv,1,proper_train
1465,2_trans_349.csv,1,proper_train
1466,2_trans_2474.csv,1,calibration
1467,2_trans_1169.csv,3,calibration
1468,2_trans_2460.csv,1,proper_train
1469,2_trans_413.csv,1,proper_train
1470,2_trans_1627.csv,1,calibration
1471,2_trans_1141.csv,1,calibration
1472,2_trans_375.csv,1,proper_train
1473,2_trans_2448.csv,1,proper_train
1474,2_trans_1633.csv,4,proper_train
1475,2_trans_836.csv,1,proper_train
1476,2_trans_822.csv,1,calibration
1477,2_trans_48.csv,1,proper_train
1478,2_trans_1380.csv,1,proper_train
1479,2_trans_2851.csv,4,proper_train
1480,2_trans_2689.csv,1,proper_train
1481,2_trans_60.csv,1,calibration
1482,2_trans_74.csv,1,proper_train
1483,2_trans_2676.csv,1,proper_train
1484,2_trans_1419.csv,1,proper_train
1485,2_trans_2104.csv,4,proper_train
1486,2_trans_2662.csv,1,calibration
1487,2_trans_2892.csv,4,calibration
1488,2_trans_177.csv,1,proper_train
1489,2_trans_611.csv,1,proper_train
1490,2_trans_605.csv,1,proper_train
1491,2_trans_2138.csv,1,proper_train
1492,2_trans_1431.csv,1,calibration
1493,2_trans_1357.csv,1,calibration
1494,2_trans_2886.csv,4,proper_train
1495,2_trans_163.csv,4,proper_train
1496,2_trans_942.csv,1,proper_train
1497,2_trans_956.csv,1,calibration
1498,2_trans_2925.csv,2,proper_train
1499,2_trans_1592.csv,3,proper_train
1500,2_trans_1586.csv,1,proper_train
1501,2_trans_2702.csv,1,proper_train
1502,2_trans_2064.csv,1,calibration
1503,2_trans_759.csv,1,calibration
1504,2_trans_2070.csv,1,proper_train
1505,2_trans_995.csv,3,proper_train
1506,2_trans_2716.csv,1,proper_train
1507,2_trans_1551.csv,1,proper_train
1508,2_trans_2058.csv,1,proper_train
1509,2_trans_771.csv,1,calibration
1510,2_trans_598.csv,1,proper_train
1511,2_trans_1960.csv,1,proper_train
1512,2_trans_1948.csv,1,proper_train
1513,2_trans_1790.csv,1,proper_train
1514,2_trans_2299.csv,1,proper_train
1515,2_trans_1784.csv,1,proper_train
1516,2_trans_2266.csv,1,proper_train
1517,2_trans_2500.csv,1,proper_train
1518,2_trans_2514.csv,1,proper_train
1519,2_trans_229.csv,1,proper_train
1520,2_trans_567.csv,1,proper_train
1521,2_trans_1753.csv,1,proper_train
1522,2_trans_1035.csv,1,proper_train
1523,2_trans_201.csv,1,calibration
1524,2_trans_215.csv,1,proper_train
1525,2_trans_1021.csv,1,proper_train
1526,2_trans_1747.csv,1,calibration
1527,2_trans_1020.csv,1,proper_train
1528,2_trans_572.csv,1,calibration
1529,2_trans_566.csv,1,proper_train
1530,2_trans_1034.csv,1,proper_train
1531,2_trans_228.csv,1,proper_train
1532,2_trans_2273.csv,4,proper_train
1533,2_trans_2267.csv,1,proper_train
1534,2_trans_2501.csv,1,calibration
1535,2_trans_2298.csv,1,calibration
1536,2_trans_1791.csv,1,calibration
1537,2_trans_1961.csv,1,proper_train
1538,2_trans_1975.csv,1,proper_train
1539,2_trans_599.csv,1,proper_train
1540,2_trans_770.csv,1,calibration
1541,2_trans_1236.csv,1,proper_train
1542,2_trans_764.csv,1,calibration
1543,2_trans_2059.csv,1,calibration
1544,2_trans_994.csv,3,proper_train
1545,2_trans_2703.csv,1,calibration
1546,2_trans_980.csv,4,calibration
1547,2_trans_2065.csv,1,proper_train
1548,2_trans_1587.csv,1,proper_train
1549,2_trans_2924.csv,2,calibration
1550,2_trans_2918.csv,2,calibration
1551,2_trans_943.csv,1,proper_train
1552,2_trans_1430.csv,1,proper_train
1553,2_trans_604.csv,1,proper_train
1554,2_trans_162.csv,1,calibration
1555,2_trans_1356.csv,1,proper_train
1556,2_trans_1342.csv,1,calibration
1557,2_trans_1424.csv,1,calibration
1558,2_trans_2105.csv,4,proper_train
1559,2_trans_2663.csv,1,proper_train
1560,2_trans_2677.csv,1,proper_train
1561,2_trans_2111.csv,4,calibration
1562,2_trans_75.csv,1,proper_train
1563,2_trans_1395.csv,4,calibration
1564,2_trans_2844.csv,2,proper_train
1565,2_trans_2688.csv,1,proper_train
1566,2_trans_2850.csv,2,proper_train
1567,2_trans_1381.csv,1,proper_train
1568,2_trans_61.csv,1,proper_train
1569,2_trans_49.csv,1,proper_train
1570,2_trans_823.csv,1,calibration
1571,2_trans_2878.csv,2,calibration
1572,2_trans_189.csv,1,proper_train
1573,2_trans_837.csv,1,proper_train
1574,2_trans_360.csv,1,proper_train
1575,2_trans_1626.csv,1,calibration
1576,2_trans_412.csv,1,proper_train
1577,2_trans_2449.csv,1,proper_train
1578,2_trans_374.csv,3,proper_train
1579,2_trans_2461.csv,1,calibration
1580,2_trans_1168.csv,1,proper_train
1581,2_trans_2307.csv,1,proper_train
1582,2_trans_2475.csv,1,proper_train
1583,2_trans_348.csv,1,proper_train
1584,2_trans_1815.csv,1,proper_train
1585,2_trans_1801.csv,1,proper_train
1586,2_trans_1682.csv,1,proper_train
1587,2_trans_1866.csv,1,proper_train
1588,2_trans_1872.csv,1,calibration
1589,2_trans_1899.csv,1,proper_train
1590,2_trans_1641.csv,1,proper_train
1591,2_trans_2348.csv,1,calibration
1592,2_trans_475.csv,1,proper_train
1593,2_trans_313.csv,1,proper_train
1594,2_trans_1127.csv,1,calibration
1595,2_trans_1133.csv,1,proper_train
1596,2_trans_307.csv,1,proper_train
1597,2_trans_2374.csv,1,calibration
1598,2_trans_449.csv,1,proper_train
1599,2_trans_2412.csv,1,proper_train
1600,2_trans_2406.csv,3,proper_train
1601,2_trans_1669.csv,1,proper_train
1602,2_trans_2360.csv,4,proper_train
1603,2_trans_2837.csv,4,proper_train
1604,2_trans_1480.csv,1,proper_train
1605,2_trans_2189.csv,1,proper_train
1606,2_trans_12.csv,1,calibration
1607,2_trans_1494.csv,1,proper_train
1608,2_trans_2823.csv,4,proper_train
1609,2_trans_850.csv,1,proper_train
1610,2_trans_688.csv,1,proper_train
1611,2_trans_677.csv,1,proper_train
1612,2_trans_1443.csv,1,calibration
1613,2_trans_1457.csv,1,proper_train
1614,2_trans_2638.csv,1,proper_train
1615,2_trans_105.csv,1,proper_train
1616,2_trans_1331.csv,1,proper_train
1617,2_trans_2610.csv,1,proper_train
1618,2_trans_1319.csv,1,proper_train
1619,2_trans_2176.csv,1,proper_train
1620,2_trans_893.csv,1,proper_train
1621,2_trans_2162.csv,1,proper_train
1622,2_trans_887.csv,1,calibration
1623,2_trans_139.csv,1,proper_train
1624,2_trans_1292.csv,3,proper_train
1625,2_trans_1286.csv,1,proper_train
1626,2_trans_2957.csv,2,proper_train
1627,2_trans_924.csv,1,proper_train
1628,2_trans_930.csv,1,calibration
1629,2_trans_1251.csv,1,proper_train
1630,2_trans_2980.csv,2,proper_train
1631,2_trans_2758.csv,3,calibration
1632,2_trans_1537.csv,1,calibration
1633,2_trans_1523.csv,1,proper_train
1634,2_trans_717.csv,1,calibration
1635,2_trans_2994.csv,4,proper_train
1636,2_trans_7.csv,4,calibration
1637,2_trans_2016.csv,1,proper_train
1638,2_trans_1279.csv,1,proper_train
1639,2_trans_2770.csv,4,proper_train
1640,2_trans_1090.csv,1,calibration
1641,2_trans_2599.csv,1,proper_train
1642,2_trans_1084.csv,4,proper_train
1643,2_trans_1912.csv,1,proper_train
1644,2_trans_298.csv,1,proper_train
1645,2_trans_1906.csv,1,proper_train
1646,2_trans_1735.csv,1,calibration
1647,2_trans_501.csv,1,proper_train
1648,2_trans_267.csv,1,proper_train
1649,2_trans_1053.csv,1,calibration
1650,2_trans_1047.csv,1,proper_train
1651,2_trans_273.csv,1,proper_train
1652,2_trans_515.csv,1,proper_train
1653,2_trans_2228.csv,3,proper_train
1654,2_trans_1721.csv,1,proper_train
1655,2_trans_2200.csv,1,proper_train
1656,2_trans_1709.csv,3,proper_train
1657,2_trans_2566.csv,1,calibration
1658,2_trans_2572.csv,1,proper_train
1659,2_trans_529.csv,1,proper_train
1660,2_trans_2214.csv,1,calibration
1661,2_trans_2573.csv,3,calibration
1662,2_trans_2215.csv,1,proper_train
1663,2_trans_2567.csv,4,calibration
1664,2_trans_272.csv,1,proper_train
1665,2_trans_1046.csv,1,proper_train
1666,2_trans_2229.csv,1,proper_train
1667,2_trans_514.csv,1,calibration
1668,2_trans_500.csv,1,proper_train
1669,2_trans_1734.csv,1,proper_train
1670,2_trans_266.csv,4,calibration
1671,2_trans_1913.csv,1,proper_train
1672,2_trans_299.csv,1,proper_train
1673,2_trans_1085.csv,1,proper_train
1674,2_trans_2598.csv,1,proper_train
1675,2_trans_2017.csv,1,proper_train
1676,2_trans_2771.csv,1,proper_train
1677,2_trans_1278.csv,1,calibration
1678,2_trans_2765.csv,1,proper_train
1679,2_trans_2003.csv,1,proper_train
1680,2_trans_716.csv,1,proper_train
1681,2_trans_1522.csv,1,calibration
1682,2_trans_1244.csv,1,proper_train
1683,2_trans_6.csv,1,calibration
1684,2_trans_2759.csv,1,proper_train
1685,2_trans_2981.csv,4,proper_train
1686,2_trans_1250.csv,1,calibration
1687,2_trans_702.csv,1,calibration
1688,2_trans_925.csv,1,proper_train
1689,2_trans_1287.csv,1,proper_train
1690,2_trans_1293.csv,1,proper_train
1691,2_trans_2942.csv,2,proper_train
1692,2_trans_886.csv,1,proper_train
1693,2_trans_2605.csv,1,proper_train
1694,2_trans_1318.csv,1,proper_train
1695,2_trans_2611.csv,1,proper_train
1696,2_trans_892.csv,1,proper_train
1697,2_trans_2177.csv,1,proper_train
1698,2_trans_662.csv,1,calibration
1699,2_trans_1456.csv,1,proper_train
1700,2_trans_1330.csv,1,proper_train
1701,2_trans_104.csv,1,proper_train
1702,2_trans_2639.csv,1,proper_train
1703,2_trans_1324.csv,1,calibration
1704,2_trans_1442.csv,1,calibration
1705,2_trans_689.csv,1,proper_train
1706,2_trans_2822.csv,2,proper_train
1707,2_trans_2836.csv,4,proper_train
1708,2_trans_2188.csv,1,calibration
1709,2_trans_1668.csv,1,proper_train
1710,2_trans_2413.csv,1,calibration
1711,2_trans_1654.csv,3,proper_train
1712,2_trans_474.csv,1,proper_train
1713,2_trans_1898.csv,1,proper_train
1714,2_trans_1126.csv,1,proper_train
1715,2_trans_1873.csv,1,calibration
1716,2_trans_1867.csv,3,proper_train
1717,2_trans_1697.csv,1,calibration
1718,2_trans_1683.csv,3,calibration
1719,2_trans_1695.csv,3,proper_train
1720,2_trans_2388.csv,1,proper_train
1721,2_trans_1681.csv,1,calibration
1722,2_trans_1859.csv,1,calibration
1723,2_trans_489.csv,1,proper_train
1724,2_trans_462.csv,1,proper_train
1725,2_trans_1656.csv,1,proper_train
1726,2_trans_1130.csv,3,calibration
1727,2_trans_304.csv,1,proper_train
1728,2_trans_2439.csv,1,proper_train
1729,2_trans_310.csv,1,proper_train
1730,2_trans_476.csv,1,proper_train
1731,2_trans_2363.csv,1,calibration
1732,2_trans_338.csv,1,calibration
1733,2_trans_2405.csv,1,calibration
1734,2_trans_1118.csv,1,calibration
1735,2_trans_2377.csv,4,proper_train
1736,2_trans_2820.csv,4,proper_train
1737,2_trans_11.csv,1,proper_train
1738,2_trans_1497.csv,1,calibration
1739,2_trans_1483.csv,4,proper_train
1740,2_trans_847.csv,1,calibration
1741,2_trans_853.csv,1,proper_train
1742,2_trans_39.csv,4,proper_train
1743,2_trans_2808.csv,2,calibration
1744,2_trans_106.csv,1,proper_train
1745,2_trans_1332.csv,1,proper_train
1746,2_trans_674.csv,1,proper_train
1747,2_trans_2149.csv,1,calibration
1748,2_trans_1440.csv,3,proper_train
1749,2_trans_1326.csv,3,proper_train
1750,2_trans_112.csv,4,proper_train
1751,2_trans_2607.csv,1,calibration
1752,2_trans_2161.csv,1,calibration
1753,2_trans_884.csv,1,proper_train
1754,2_trans_1468.csv,1,calibration
1755,2_trans_648.csv,1,proper_train
1756,2_trans_2175.csv,1,proper_train
1757,2_trans_890.csv,1,calibration
1758,2_trans_2613.csv,1,proper_train
1759,2_trans_1285.csv,1,proper_train
1760,2_trans_2798.csv,1,proper_train
1761,2_trans_2940.csv,4,calibration
1762,2_trans_1291.csv,1,calibration
1763,2_trans_2968.csv,2,calibration
1764,2_trans_933.csv,1,proper_train
1765,2_trans_927.csv,4,proper_train
1766,2_trans_2997.csv,2,proper_train
1767,2_trans_4.csv,1,proper_train
1768,2_trans_1520.csv,1,proper_train
1769,2_trans_2029.csv,1,calibration
1770,2_trans_714.csv,1,proper_train
1771,2_trans_700.csv,1,calibration
1772,2_trans_1534.csv,1,calibration
1773,2_trans_1252.csv,1,proper_train
1774,2_trans_2983.csv,2,calibration
1775,2_trans_2773.csv,1,calibration
1776,2_trans_728.csv,1,proper_train
1777,2_trans_2001.csv,4,proper_train
1778,2_trans_2767.csv,1,proper_train
1779,2_trans_1939.csv,1,proper_train
1780,2_trans_1087.csv,1,proper_train
1781,2_trans_1093.csv,1,proper_train
1782,2_trans_1905.csv,1,calibration
1783,2_trans_1911.csv,1,proper_train
1784,2_trans_516.csv,4,calibration
1785,2_trans_1722.csv,1,proper_train
1786,2_trans_1044.csv,1,proper_train
1787,2_trans_270.csv,1,proper_train
1788,2_trans_2559.csv,1,proper_train
1789,2_trans_264.csv,1,calibration
1790,2_trans_1736.csv,3,proper_train
1791,2_trans_502.csv,1,proper_train
1792,2_trans_2217.csv,1,proper_train
1793,2_trans_1078.csv,1,proper_train
1794,2_trans_2565.csv,1,calibration
1795,2_trans_258.csv,1,proper_train
1796,2_trans_259.csv,4,proper_train
1797,2_trans_2564.csv,1,proper_train
1798,2_trans_2202.csv,1,proper_train
1799,2_trans_2570.csv,1,calibration
1800,2_trans_2558.csv,3,proper_train
1801,2_trans_503.csv,1,calibration
1802,2_trans_1723.csv,1,proper_train
1803,2_trans_517.csv,1,calibration
1804,2_trans_271.csv,1,calibration
1805,2_trans_1045.csv,4,proper_train
1806,2_trans_1910.csv,1,proper_train
1807,2_trans_1904.csv,1,proper_train
1808,2_trans_1092.csv,1,proper_train
1809,2_trans_1938.csv,1,proper_train
1810,2_trans_1509.csv,1,proper_train
1811,2_trans_2766.csv,1,calibration
1812,2_trans_701.csv,1,proper_train
1813,2_trans_1253.csv,1,proper_train
1814,2_trans_5.csv,4,proper_train
1815,2_trans_1247.csv,1,calibration
1816,2_trans_2996.csv,2,calibration
1817,2_trans_715.csv,1,proper_train
1818,2_trans_2028.csv,1,proper_train
1819,2_trans_926.csv,1,proper_train
1820,2_trans_2969.csv,2,proper_train
1821,2_trans_932.csv,1,proper_train
1822,2_trans_1290.csv,1,proper_train
1823,2_trans_2941.csv,2,proper_train
1824,2_trans_2955.csv,2,proper_train
1825,2_trans_1284.csv,1,calibration
1826,2_trans_891.csv,1,calibration
1827,2_trans_2174.csv,1,calibration
1828,2_trans_649.csv,1,proper_train
1829,2_trans_2612.csv,1,calibration
1830,2_trans_2606.csv,1,proper_train
1831,2_trans_1469.csv,1,calibration
1832,2_trans_885.csv,1,calibration
1833,2_trans_1441.csv,1,proper_train
1834,2_trans_2148.csv,1,proper_train
1835,2_trans_675.csv,1,proper_train
1836,2_trans_113.csv,3,calibration
1837,2_trans_661.csv,1,proper_train
1838,2_trans_852.csv,1,calibration
1839,2_trans_2809.csv,2,proper_train
1840,2_trans_846.csv,1,calibration
1841,2_trans_1482.csv,1,calibration
1842,2_trans_2835.csv,2,proper_train
1843,2_trans_1496.csv,1,proper_train
1844,2_trans_2410.csv,1,proper_train
1845,2_trans_1119.csv,1,calibration
1846,2_trans_2376.csv,1,calibration
1847,2_trans_2362.csv,1,calibration
1848,2_trans_311.csv,1,proper_train
1849,2_trans_1643.csv,1,calibration
1850,2_trans_2438.csv,1,calibration
1851,2_trans_1131.csv,1,proper_train
1852,2_trans_488.csv,1,proper_train
1853,2_trans_1864.csv,1,proper_train
1854,2_trans_1870.csv,1,proper_train
1855,2_trans_1858.csv,1,proper_train
1856,2_trans_2389.csv,1,calibration
1857,2_trans_1694.csv,1,proper_train
1858,2_trans_498.csv,4,calibration
1859,2_trans_1874.csv,1,calibration
1860,2_trans_1860.csv,1,proper_train
1861,2_trans_1690.csv,1,proper_train
1862,2_trans_1848.csv,1,calibration
1863,2_trans_2399.csv,1,proper_train
1864,2_trans_1684.csv,1,calibration
1865,2_trans_1109.csv,1,proper_train
1866,2_trans_2366.csv,1,calibration
1867,2_trans_2372.csv,3,proper_train
1868,2_trans_329.csv,1,proper_train
1869,2_trans_2414.csv,1,calibration
1870,2_trans_1135.csv,1,proper_train
1871,2_trans_473.csv,1,proper_train
1872,2_trans_315.csv,1,proper_train
1873,2_trans_1121.csv,1,calibration
1874,2_trans_28.csv,1,calibration
1875,2_trans_2819.csv,2,proper_train
1876,2_trans_14.csv,1,calibration
1877,2_trans_1492.csv,1,proper_train
1878,2_trans_1486.csv,1,calibration
1879,2_trans_659.csv,1,proper_train
1880,2_trans_881.csv,4,proper_train
1881,2_trans_2164.csv,1,calibration
1882,2_trans_2616.csv,1,calibration
1883,2_trans_665.csv,1,proper_train
1884,2_trans_2158.csv,1,proper_train
1885,2_trans_1323.csv,1,proper_train
1886,2_trans_117.csv,1,proper_train
1887,2_trans_936.csv,1,proper_train
1888,2_trans_2979.csv,4,calibration
1889,2_trans_1280.csv,1,proper_train
1890,2_trans_2789.csv,4,proper_train
1891,2_trans_2951.csv,4,proper_train
1892,2_trans_2945.csv,4,proper_train
1893,2_trans_1294.csv,1,proper_train
1894,2_trans_1519.csv,4,proper_train
1895,2_trans_2776.csv,1,proper_train
1896,2_trans_2762.csv,1,proper_train
1897,2_trans_739.csv,1,calibration
1898,2_trans_1525.csv,1,proper_train
1899,2_trans_2992.csv,2,proper_train
1900,2_trans_1243.csv,1,proper_train
1901,2_trans_1900.csv,1,calibration
1902,2_trans_1914.csv,1,proper_train
1903,2_trans_1082.csv,1,proper_train
1904,2_trans_1928.csv,1,proper_train
1905,2_trans_2574.csv,1,proper_train
1906,2_trans_249.csv,1,proper_train
1907,2_trans_1069.csv,1,proper_train
1908,2_trans_2560.csv,1,proper_train
1909,2_trans_1041.csv,1,calibration
1910,2_trans_2548.csv,1,calibration
1911,2_trans_275.csv,1,proper_train
1912,2_trans_513.csv,1,proper_train
1913,2_trans_1727.csv,1,proper_train
1914,2_trans_507.csv,1,proper_train
1915,2_trans_506.csv,1,proper_train
1916,2_trans_1054.csv,3,calibration
1917,2_trans_260.csv,1,calibration
1918,2_trans_274.csv,1,proper_train
1919,2_trans_2549.csv,1,proper_train
1920,2_trans_512.csv,1,calibration
1921,2_trans_2561.csv,1,calibration
1922,2_trans_1068.csv,4,proper_train
1923,2_trans_1097.csv,1,proper_train
1924,2_trans_1083.csv,1,proper_train
1925,2_trans_1901.csv,1,calibration
1926,2_trans_2987.csv,4,proper_train
1927,2_trans_704.csv,1,proper_train
1928,2_trans_2039.csv,1,calibration
1929,2_trans_710.csv,1,proper_train
1930,2_trans_1242.csv,4,proper_train
1931,2_trans_2763.csv,1,proper_train
1932,2_trans_738.csv,1,proper_train
1933,2_trans_2011.csv,1,proper_train
1934,2_trans_2777.csv,1,calibration
1935,2_trans_1295.csv,1,proper_train
1936,2_trans_2944.csv,4,proper_train
1937,2_trans_2950.csv,4,proper_train
1938,2_trans_2788.csv,1,proper_train
1939,2_trans_2978.csv,2,proper_train
1940,2_trans_923.csv,1,calibration
1941,2_trans_937.csv,1,proper_train
1942,2_trans_116.csv,1,proper_train
1943,2_trans_1322.csv,1,proper_train
1944,2_trans_1444.csv,1,proper_train
1945,2_trans_670.csv,1,proper_train
1946,2_trans_2159.csv,1,calibration
1947,2_trans_1450.csv,1,proper_train
1948,2_trans_1336.csv,1,proper_train
1949,2_trans_2617.csv,1,proper_train
1950,2_trans_894.csv,3,calibration
1951,2_trans_1478.csv,1,proper_train
1952,2_trans_2165.csv,1,calibration
1953,2_trans_880.csv,4,calibration
1954,2_trans_658.csv,1,calibration
1955,2_trans_2603.csv,1,proper_train
1956,2_trans_2830.csv,2,proper_train
1957,2_trans_1487.csv,1,proper_train
1958,2_trans_15.csv,1,proper_train
1959,2_trans_2824.csv,2,calibration
1960,2_trans_857.csv,1,proper_train
1961,2_trans_843.csv,1,calibration
1962,2_trans_2818.csv,4,proper_train
1963,2_trans_1646.csv,1,proper_train
1964,2_trans_1120.csv,1,proper_train
1965,2_trans_2429.csv,1,calibration
1966,2_trans_314.csv,1,proper_train
1967,2_trans_1652.csv,4,proper_train
1968,2_trans_466.csv,1,calibration
1969,2_trans_328.csv,1,proper_train
1970,2_trans_1108.csv,1,calibration
1971,2_trans_2401.csv,1,calibration
1972,2_trans_2367.csv,1,calibration
1973,2_trans_1849.csv,1,calibration
1974,2_trans_1691.csv,1,proper_train
1975,2_trans_1861.csv,1,proper_train
1976,2_trans_1875.csv,1,calibration
1977,2_trans_499.csv,1,proper_train
1978,2_trans_1863.csv,1,calibration
1979,2_trans_1877.csv,1,proper_train
1980,2_trans_2417.csv,1,proper_train
1981,2_trans_1678.csv,1,calibration
1982,2_trans_458.csv,1,proper_train
1983,2_trans_2403.csv,1,proper_train
1984,2_trans_1122.csv,3,proper_train
1985,2_trans_1644.csv,1,proper_train
1986,2_trans_1888.csv,1,proper_train
1987,2_trans_1650.csv,1,proper_train
1988,2_trans_302.csv,1,calibration
1989,2_trans_855.csv,1,proper_train
1990,2_trans_841.csv,1,proper_train
1991,2_trans_699.csv,1,proper_train
1992,2_trans_869.csv,1,calibration
1993,2_trans_2832.csv,4,proper_train
1994,2_trans_2826.csv,2,proper_train
1995,2_trans_896.csv,1,calibration
1996,2_trans_2173.csv,1,calibration
1997,2_trans_2615.csv,1,proper_train
1998,2_trans_1308.csv,1,proper_train
1999,2_trans_882.csv,1,proper_train
2000,2_trans_2167.csv,1,proper_train
2001,2_trans_672.csv,1,calibration
2002,2_trans_2629.csv,1,proper_train
2003,2_trans_114.csv,1,proper_train
2004,2_trans_100.csv,1,proper_train
2005,2_trans_1334.csv,1,proper_train
2006,2_trans_1452.csv,1,proper_train
2007,2_trans_666.csv,1,proper_train
2008,2_trans_921.csv,1,proper_train
2009,2_trans_935.csv,1,proper_train
2010,2_trans_1297.csv,1,proper_train
2011,2_trans_2952.csv,2,proper_train
2012,2_trans_2007.csv,1,calibration
2013,2_trans_2761.csv,1,proper_train
2014,2_trans_1268.csv,3,proper_train
2015,2_trans_2775.csv,1,proper_train
2016,2_trans_2013.csv,1,calibration
2017,2_trans_706.csv,1,proper_train
2018,2_trans_1532.csv,1,proper_train
2019,2_trans_1254.csv,1,proper_train
2020,2_trans_2985.csv,2,proper_train
2021,2_trans_2991.csv,2,proper_train
2022,2_trans_2.csv,1,proper_train
2023,2_trans_1240.csv,1,proper_train
2024,2_trans_1526.csv,3,proper_train
2025,2_trans_712.csv,1,proper_train
2026,2_trans_1917.csv,1,proper_train
2027,2_trans_1903.csv,4,proper_train
2028,2_trans_289.csv,4,calibration
2029,2_trans_2588.csv,1,proper_train
2030,2_trans_2563.csv,3,proper_train
2031,2_trans_538.csv,1,proper_train
2032,2_trans_2205.csv,1,proper_train
2033,2_trans_1718.csv,1,proper_train
2034,2_trans_2211.csv,1,calibration
2035,2_trans_2577.csv,1,calibration
2036,2_trans_262.csv,1,calibration
2037,2_trans_1730.csv,3,proper_train
2038,2_trans_1724.csv,4,proper_train
2039,2_trans_1042.csv,1,proper_train
2040,2_trans_277.csv,1,proper_train
2041,2_trans_1043.csv,1,proper_train
2042,2_trans_1057.csv,1,calibration
2043,2_trans_263.csv,1,calibration
2044,2_trans_505.csv,1,proper_train
2045,2_trans_2210.csv,4,proper_train
2046,2_trans_1719.csv,1,calibration
2047,2_trans_2576.csv,1,calibration
2048,2_trans_2204.csv,1,proper_train
2049,2_trans_539.csv,1,calibration
2050,2_trans_2589.csv,1,proper_train
2051,2_trans_1094.csv,1,proper_train
2052,2_trans_1916.csv,1,proper_train
2053,2_trans_3.csv,1,proper_train
2054,2_trans_1241.csv,1,proper_train
2055,2_trans_2748.csv,1,proper_train
2056,2_trans_2990.csv,2,proper_train
2057,2_trans_713.csv,3,calibration
2058,2_trans_1533.csv,1,proper_train
2059,2_trans_707.csv,1,calibration
2060,2_trans_1255.csv,4,proper_train
2061,2_trans_2774.csv,1,proper_train
2062,2_trans_2012.csv,1,proper_train
2063,2_trans_2006.csv,1,calibration
2064,2_trans_1269.csv,1,calibration
2065,2_trans_1282.csv,1,proper_train
2066,2_trans_908.csv,1,calibration
2067,2_trans_2947.csv,2,proper_train
2068,2_trans_934.csv,1,calibration
2069,2_trans_920.csv,3,proper_train
2070,2_trans_101.csv,1,proper_train
2071,2_trans_667.csv,4,proper_train
2072,2_trans_1453.csv,1,proper_train
2073,2_trans_1447.csv,1,calibration
2074,2_trans_673.csv,1,proper_train
2075,2_trans_115.csv,1,proper_train
2076,2_trans_2600.csv,1,proper_train
2077,2_trans_1309.csv,1,proper_train
2078,2_trans_2166.csv,1,calibration
2079,2_trans_2614.csv,1,proper_train
2080,2_trans_1490.csv,1,calibration
2081,2_trans_2199.csv,1,calibration
2082,2_trans_1484.csv,1,calibration
2083,2_trans_2833.csv,4,proper_train
2084,2_trans_854.csv,1,proper_train
2085,2_trans_1651.csv,1,proper_train
2086,2_trans_465.csv,1,proper_train
2087,2_trans_303.csv,1,proper_train
2088,2_trans_1137.csv,1,proper_train
2089,2_trans_1123.csv,1,proper_train
2090,2_trans_471.csv,1,proper_train
2091,2_trans_1645.csv,1,calibration
2092,2_trans_2364.csv,1,proper_train
2093,2_trans_2402.csv,1,proper_train
2094,2_trans_2416.csv,1,proper_train
2095,2_trans_1679.csv,1,calibration
2096,2_trans_2370.csv,1,calibration
2097,2_trans_1692.csv,1,calibration
2098,2_trans_1876.csv,4,proper_train
2099,2_trans_1862.csv,1,calibration
