threshold,persistence,accuracy,balanced_accuracy,macro_f1,weighted_f1,endpoint_macro_f1_reference,retention_vs_endpoint,mean_stop_percent,median_stop_percent,p25_stop_percent,p75_stop_percent,fraction_stopped_by_50,fraction_stopped_by_75,fraction_stopped_before_100,fraction_threshold_satisfied,minimum_class_recall,recall_class_1,recall_class_2,recall_class_3,recall_class_4,meets_retention_constraint,meets_class_recall_constraint,eligible
0.5,1,0.88,0.6450321970928623,0.6587924694721867,0.8743221311436946,0.9127386927950664,0.7217755472322271,10.266666666666667,10.0,10.0,10.0,1.0,1.0,1.0,1.0,0.30973451327433627,0.9571847507331378,0.6966292134831461,0.30973451327433627,0.616580310880829,False,False,False
0.525,1,0.8790476190476191,0.6454243379252476,0.6577423161903907,0.8738273905054524,0.9127386927950664,0.7206249952833664,10.407142857142857,10.0,10.0,10.0,0.9995238095238095,1.0,1.0,1.0,0.3274336283185841,0.9565982404692082,0.6966292134831461,0.3274336283185841,0.6010362694300518,False,False,False
0.55,1,0.8795238095238095,0.6497469786657726,0.6603523499516888,0.8745191786959442,0.9127386927950664,0.723484558246897,10.616666666666667,10.0,10.0,10.0,0.9995238095238095,1.0,1.0,1.0,0.3274336283185841,0.9565982404692082,0.7191011235955056,0.3274336283185841,0.5958549222797928,False,False,False
0.575,1,0.8847619047619047,0.6610477845454175,0.671519276743116,0.8795948387929078,0.9127386927950664,0.7357190859157425,10.902380952380952,10.0,10.0,10.0,0.9985714285714286,1.0,1.0,1.0,0.336283185840708,0.9601173020527859,0.7415730337078652,0.336283185840708,0.6062176165803109,False,False,False
0.6,1,0.8876190476190476,0.6716154525951502,0.681032666412085,0.8825367985281093,0.9127386927950664,0.7461419919939721,11.178571428571429,10.0,10.0,10.0,0.9980952380952381,1.0,1.0,1.0,0.34513274336283184,0.9607038123167155,0.7640449438202247,0.34513274336283184,0.616580310880829,False,False,False
0.625,1,0.8876190476190476,0.6754265230147951,0.682718702353837,0.8826879859380008,0.9127386927950664,0.7479892194152058,11.480952380952381,10.0,10.0,10.0,0.9966666666666667,1.0,1.0,1.0,0.34513274336283184,0.9595307917888563,0.7752808988764045,0.34513274336283184,0.6217616580310881,False,False,False
0.65,1,0.8904761904761904,0.6869112436574941,0.6925356613412322,0.8859011869577531,0.9127386927950664,0.7587447171988407,11.802380952380952,10.0,10.0,10.0,0.9952380952380953,1.0,1.0,1.0,0.36283185840707965,0.9601173020527859,0.797752808988764,0.36283185840707965,0.6269430051813472,False,False,False
0.675,1,0.8923809523809524,0.6892430625265201,0.6946259357774786,0.887359410335733,0.9127386927950664,0.7610348298595031,12.209523809523809,10.0,10.0,10.0,0.9933333333333333,1.0,1.0,1.0,0.35398230088495575,0.9618768328445748,0.8089887640449438,0.35398230088495575,0.6321243523316062,False,False,False
0.7,1,0.8976190476190476,0.7010959782442334,0.7082974851126064,0.8926461694463909,0.9127386927950664,0.776013431559034,12.773809523809524,10.0,10.0,10.0,0.9890476190476191,0.9985714285714286,1.0,1.0,0.37168141592920356,0.9648093841642229,0.8202247191011236,0.37168141592920356,0.6476683937823834,False,False,False
0.725,1,0.8971428571428571,0.6997118448758325,0.7039554802388153,0.8917872098738547,0.9127386927950664,0.7712563144256575,13.114285714285714,10.0,10.0,10.0,0.9861904761904762,0.9985714285714286,0.9995238095238095,1.0,0.34513274336283184,0.9642228739002933,0.8314606741573034,0.34513274336283184,0.6580310880829016,False,False,False
0.75,1,0.9019047619047619,0.7111419868535016,0.717955257840735,0.8974107661495007,0.9127386927950664,0.7865945242686613,13.85952380952381,10.0,10.0,10.0,0.9771428571428571,0.9971428571428571,0.9990476190476191,0.9995238095238095,0.3893805309734513,0.9665689149560117,0.8202247191011236,0.3893805309734513,0.6683937823834197,False,False,False
0.775,1,0.9019047619047619,0.7128428059131524,0.7202406702192892,0.8979307678837395,0.9127386927950664,0.7890984308046662,14.333333333333334,10.0,10.0,10.0,0.9738095238095238,0.9966666666666667,0.9990476190476191,0.9995238095238095,0.39823008849557523,0.9653958944281525,0.8089887640449438,0.39823008849557523,0.6787564766839378,False,False,False
0.8,1,0.91,0.7270891390032401,0.7397129800405922,0.9054950309294436,0.9127386927950664,0.8104323678613645,15.09047619047619,10.0,10.0,10.0,0.9657142857142857,0.9952380952380953,0.9985714285714286,0.9990476190476191,0.415929203539823,0.9718475073313783,0.8314606741573034,0.415929203539823,0.689119170984456,False,False,False
0.825,1,0.9133333333333333,0.7392725970499898,0.7514281103022864,0.909393010602156,0.9127386927950664,0.82326750934728,16.0,10.0,10.0,10.0,0.9557142857142857,0.9938095238095238,0.9980952380952381,0.9985714285714286,0.4424778761061947,0.9724340175953079,0.8426966292134831,0.4424778761061947,0.6994818652849741,False,False,False
0.85,1,0.9195238095238095,0.7614271237629586,0.7714466888852154,0.9163918782022782,0.9127386927950664,0.8451999405468672,17.09285714285714,10.0,10.0,10.0,0.9442857142857143,0.9904761904761905,0.9971428571428571,0.9971428571428571,0.48672566371681414,0.9736070381231672,0.8651685393258427,0.48672566371681414,0.7202072538860104,False,False,False
0.875,1,0.9204761904761904,0.7611237795114094,0.7729468950701278,0.9172994366316869,0.9127386927950664,0.8468435721763299,18.16190476190476,10.0,10.0,10.0,0.9280952380952381,0.9861904761904762,0.9966666666666667,0.9966666666666667,0.49557522123893805,0.9747800586510263,0.8539325842696629,0.49557522123893805,0.7202072538860104,False,False,False
0.9,1,0.9214285714285714,0.7579264174331816,0.7742465887203178,0.9182323542571207,0.9127386927950664,0.8482675215064608,19.37142857142857,10.0,10.0,15.0,0.9095238095238095,0.981904761904762,0.9952380952380953,0.9952380952380953,0.5132743362831859,0.9771260997067449,0.8314606741573034,0.5132743362831859,0.7098445595854922,False,False,False
0.925,1,0.929047619047619,0.7863531695328453,0.8007508256743938,0.9269838824355219,0.9127386927950664,0.8773056648034349,20.95,10.0,10.0,20.0,0.8861904761904762,0.9757142857142858,0.9933333333333333,0.9933333333333333,0.584070796460177,0.9777126099706744,0.8426966292134831,0.584070796460177,0.7409326424870466,False,False,False
0.95,1,0.9338095238095238,0.810863460872211,0.8174618599172382,0.9323608633701705,0.9127386927950664,0.8956143377837272,23.202380952380953,10.0,10.0,35.0,0.8580952380952381,0.9619047619047619,0.9861904761904762,0.9895238095238095,0.6371681415929203,0.9777126099706744,0.8876404494382022,0.6371681415929203,0.7409326424870466,False,False,False
0.975,1,0.9442857142857143,0.8443459915423118,0.8502491716748273,0.9432299607818561,0.9127386927950664,0.9315362418471838,27.25952380952381,10.0,10.0,45.0,0.800952380952381,0.9328571428571428,0.969047619047619,0.9742857142857143,0.7079646017699115,0.9812316715542522,0.9213483146067416,0.7079646017699115,0.7668393782383419,False,False,False
0.5,2,0.8828571428571429,0.6589921118504533,0.6680063712820231,0.8774408721595411,0.9127386927950664,0.7318703332674513,15.807142857142857,15.0,15.0,15.0,0.9990476190476191,1.0,1.0,1.0,0.3185840707964602,0.9583577712609971,0.7528089887640449,0.3185840707964602,0.6062176165803109,False,False,False
0.525,2,0.8871428571428571,0.6667407020165568,0.6777599350322654,0.8818247135747387,0.9127386927950664,0.7425563749869868,16.178571428571427,15.0,15.0,15.0,0.9971428571428571,1.0,1.0,1.0,0.336283185840708,0.9612903225806452,0.7528089887640449,0.336283185840708,0.616580310880829,False,False,False
0.55,2,0.8919047619047619,0.6790435895518016,0.6907478004546643,0.886589736774455,0.9127386927950664,0.7567859299789269,16.5,15.0,15.0,15.0,0.9957142857142857,1.0,1.0,1.0,0.34513274336283184,0.9636363636363636,0.7752808988764045,0.34513274336283184,0.6321243523316062,False,False,False
0.575,2,0.8947619047619048,0.688462548379952,0.698473665918401,0.889501021368864,0.9127386927950664,0.7652504177066004,16.788095238095238,15.0,15.0,15.0,0.9947619047619047,0.9995238095238095,0.9995238095238095,1.0,0.35398230088495575,0.9648093841642229,0.797752808988764,0.35398230088495575,0.6373056994818653,False,False,False
0.6,2,0.8952380952380953,0.6932040128322638,0.7007573145744094,0.8904817658496134,0.9127386927950664,0.7677523919014438,17.207142857142856,15.0,15.0,15.0,0.9890476190476191,0.9990476190476191,0.9995238095238095,1.0,0.35398230088495575,0.963049853372434,0.797752808988764,0.35398230088495575,0.6580310880829016,False,False,False
0.625,2,0.8985714285714286,0.7030012558550129,0.7108893126876618,0.8935220325766708,0.9127386927950664,0.7788530477553393,17.685714285714287,15.0,15.0,15.0,0.9833333333333333,0.9980952380952381,0.9995238095238095,1.0,0.35398230088495575,0.9642228739002933,0.8202247191011236,0.35398230088495575,0.6735751295336787,False,False,False
0.65,2,0.9033333333333333,0.7137904914137774,0.7210785150198613,0.8984106253241562,0.9127386927950664,0.790016376770128,18.159523809523808,15.0,15.0,15.0,0.98,0.9966666666666667,0.9985714285714286,0.9995238095238095,0.36283185840707965,0.9665689149560117,0.8314606741573034,0.36283185840707965,0.694300518134715,False,False,False
0.675,2,0.9080952380952381,0.7273308847514406,0.7372011457377311,0.9035979751310762,0.9127386927950664,0.8076803925997821,18.78095238095238,15.0,15.0,15.0,0.9719047619047619,0.9961904761904762,0.9985714285714286,0.9995238095238095,0.39823008849557523,0.9689149560117302,0.8426966292134831,0.39823008849557523,0.6994818652849741,False,False,False
0.7,2,0.9104761904761904,0.7310468369888674,0.7431351249752409,0.906012020209407,0.9127386927950664,0.814181682930028,19.254761904761907,15.0,15.0,15.0,0.9657142857142857,0.9961904761904762,0.9985714285714286,0.9995238095238095,0.415929203539823,0.9712609970674487,0.8426966292134831,0.415929203539823,0.694300518134715,False,False,False
0.725,2,0.9138095238095238,0.7423132424426511,0.7562057183146204,0.9095296641093542,0.9127386927950664,0.8285018749439697,19.830952380952382,15.0,15.0,15.0,0.9580952380952381,0.9938095238095238,0.9985714285714286,0.9995238095238095,0.4336283185840708,0.9718475073313783,0.8539325842696629,0.4336283185840708,0.7098445595854922,False,False,False
0.75,2,0.9161904761904762,0.754888841321786,0.7675086339786575,0.9127017697031323,0.9127386927950664,0.8408853925413494,20.645238095238096,15.0,15.0,15.0,0.9452380952380952,0.9904761904761905,0.9976190476190476,0.9985714285714286,0.4778761061946903,0.9718475073313783,0.8651685393258427,0.4778761061946903,0.7046632124352331,False,False,False
0.775,2,0.920952380952381,0.7701745432645456,0.7830174202335682,0.9176707738515579,0.9127386927950664,0.8578768780314828,21.347619047619048,15.0,15.0,15.0,0.9319047619047619,0.9880952380952381,0.9966666666666667,0.9976190476190476,0.504424778761062,0.9736070381231672,0.8876404494382022,0.504424778761062,0.7150259067357513,False,False,False
0.8,2,0.9257142857142857,0.7847303596975096,0.7964103630271641,0.9230747141020014,0.9127386927950664,0.8725502373393729,22.25952380952381,15.0,15.0,15.0,0.9166666666666666,0.9842857142857143,0.9947619047619047,0.9961904761904762,0.5309734513274337,0.9741935483870968,0.8876404494382022,0.5309734513274337,0.7461139896373057,False,False,False
0.825,2,0.9280952380952381,0.7891855888561754,0.802813724422839,0.9260783651240428,0.9127386927950664,0.8795657845559218,23.183333333333334,15.0,15.0,15.0,0.9042857142857142,0.9809523809523809,0.9933333333333333,0.9957142857142857,0.5663716814159292,0.9747800586510263,0.8539325842696629,0.5663716814159292,0.7616580310880829,False,False,False
0.85,2,0.929047619047619,0.792461658395655,0.806714495481353,0.9271620981472051,0.9127386927950664,0.8838394842350367,24.071428571428573,15.0,15.0,20.0,0.8909523809523809,0.9747619047619047,0.9914285714285714,0.9938095238095238,0.584070796460177,0.975366568914956,0.8539325842696629,0.584070796460177,0.7564766839378239,False,False,False
0.875,2,0.9347619047619048,0.8080406154703793,0.8243445078349316,0.9329551605672566,0.9127386927950664,0.9031549931454681,25.178571428571427,15.0,15.0,25.0,0.8738095238095238,0.9661904761904762,0.9914285714285714,0.9933333333333333,0.6106194690265486,0.9782991202346041,0.8764044943820225,0.6106194690265486,0.7668393782383419,False,False,False
0.9,2,0.9366666666666666,0.8171218296211193,0.8309200429463082,0.9352659476169796,0.9127386927950664,0.9103591745429285,26.583333333333332,15.0,15.0,30.0,0.8514285714285714,0.9571428571428572,0.9871428571428571,0.9895238095238095,0.6371681415929203,0.9777126099706744,0.8764044943820225,0.6371681415929203,0.7772020725388601,False,False,False
0.925,2,0.9438095238095238,0.8461318396645963,0.8537095867816586,0.9429234263583263,0.9127386927950664,0.9353274858627459,28.45952380952381,15.0,15.0,40.0,0.8233333333333334,0.9414285714285714,0.979047619047619,0.9828571428571429,0.7079646017699115,0.9788856304985337,0.9101123595505618,0.7079646017699115,0.7875647668393783,False,False,False
0.95,2,0.9495238095238095,0.866670576380548,0.8740001736185522,0.9487623497093632,0.9127386927950664,0.9575579303448989,30.811904761904763,15.0,15.0,45.0,0.7885714285714286,0.9195238095238095,0.9661904761904762,0.9714285714285714,0.7345132743362832,0.980058651026393,0.9438202247191011,0.7345132743362832,0.8082901554404145,False,False,False
0.975,2,0.9538095238095238,0.8818984473381613,0.8845829573520753,0.9532474112416934,0.9127386927950664,0.9691524686471106,34.46666666666667,15.0,15.0,55.0,0.7304761904761905,0.8871428571428571,0.9461904761904761,0.9514285714285714,0.7876106194690266,0.9818181818181818,0.9550561797752809,0.7876106194690266,0.8031088082901554,False,True,False
0.5,3,0.8938095238095238,0.6911616815770003,0.7014316914790334,0.8884329003956912,0.9127386927950664,0.7684912418153867,21.516666666666666,20.0,20.0,20.0,0.991904761904762,1.0,1.0,1.0,0.3274336283185841,0.9607038123167155,0.797752808988764,0.3274336283185841,0.6787564766839378,False,False,False
0.525,3,0.8985714285714286,0.7091097447178225,0.7170007990058962,0.8937381369600714,0.9127386927950664,0.785548815521598,21.928571428571427,20.0,20.0,20.0,0.9861904761904762,0.9990476190476191,1.0,1.0,0.35398230088495575,0.9618768328445748,0.8314606741573034,0.35398230088495575,0.689119170984456,False,False,False
0.55,3,0.9023809523809524,0.7125801836888466,0.7235954037427605,0.8970947882350472,0.9127386927950664,0.7927738896736205,22.35952380952381,20.0,20.0,20.0,0.981904761904762,0.9985714285714286,0.9995238095238095,0.9995238095238095,0.35398230088495575,0.9653958944281525,0.8314606741573034,0.35398230088495575,0.6994818652849741,False,False,False
0.575,3,0.9038095238095238,0.7156824275848561,0.7278664378696,0.8982816934714081,0.9127386927950664,0.7974532509854111,22.826190476190476,20.0,20.0,20.0,0.9757142857142858,0.9976190476190476,0.9995238095238095,0.9995238095238095,0.35398230088495575,0.9665689149560117,0.8426966292134831,0.35398230088495575,0.6994818652849741,False,False,False
0.6,3,0.9066666666666666,0.7220740824600462,0.7350995718218089,0.901328854946692,0.9127386927950664,0.8053779001860041,23.288095238095238,20.0,20.0,20.0,0.969047619047619,0.9957142857142857,0.9985714285714286,0.9990476190476191,0.36283185840707965,0.967741935483871,0.8426966292134831,0.36283185840707965,0.7150259067357513,False,False,False
0.625,3,0.9095238095238095,0.7306647852760666,0.7446852767537046,0.9044201432062441,0.9127386927950664,0.8158800351426603,23.83809523809524,20.0,20.0,20.0,0.9623809523809523,0.9942857142857143,0.9980952380952381,0.9980952380952381,0.3893805309734513,0.9695014662756598,0.8539325842696629,0.3893805309734513,0.7098445595854922,False,False,False
0.65,3,0.9138095238095238,0.7463559694909121,0.7594156461480204,0.9095533325418603,0.9127386927950664,0.8320186841454841,24.392857142857142,20.0,20.0,20.0,0.9519047619047619,0.991904761904762,0.9971428571428571,0.9976190476190476,0.4247787610619469,0.9700879765395894,0.8651685393258427,0.4247787610619469,0.7253886010362695,False,False,False
0.675,3,0.9233333333333333,0.7751820647713349,0.7889248250694346,0.9198193211166656,0.9127386927950664,0.86434905334573,25.152380952380952,20.0,20.0,20.0,0.9366666666666666,0.9871428571428571,0.9966666666666667,0.9976190476190476,0.48672566371681414,0.9741935483870968,0.898876404494382,0.48672566371681414,0.7409326424870466,False,False,False
0.7,3,0.9261904761904762,0.7813420630179089,0.7957554997396652,0.9228841862814778,0.9127386927950664,0.8718327666189265,25.833333333333332,20.0,20.0,20.0,0.9242857142857143,0.9823809523809524,0.9947619047619047,0.9961904761904762,0.504424778761062,0.9759530791788856,0.898876404494382,0.504424778761062,0.7461139896373057,False,False,False
0.725,3,0.929047619047619,0.7921856947316482,0.8067838662872524,0.9264754690994489,0.9127386927950664,0.8839154871550914,26.473809523809525,20.0,20.0,20.0,0.9128571428571428,0.9795238095238096,0.9942857142857143,0.9957142857142857,0.5486725663716814,0.9759530791788856,0.8876404494382022,0.5486725663716814,0.7564766839378239,False,False,False
0.75,3,0.93,0.7966104734927102,0.8108148766292744,0.9276571458540944,0.9127386927950664,0.8883318774909474,27.22142857142857,20.0,20.0,20.0,0.8995238095238095,0.9757142857142858,0.991904761904762,0.9942857142857143,0.5663716814159292,0.9759530791788856,0.8876404494382022,0.5663716814159292,0.7564766839378239,False,False,False
0.775,3,0.9323809523809524,0.8017067915803355,0.818040205641606,0.9300969986175655,0.9127386927950664,0.8962479755695832,27.952380952380953,20.0,20.0,20.0,0.8857142857142857,0.9714285714285714,0.9909523809523809,0.9928571428571429,0.5752212389380531,0.9771260997067449,0.8876404494382022,0.5752212389380531,0.7668393782383419,False,False,False
0.8,3,0.9333333333333333,0.8064520235508498,0.8224234508781678,0.9314758161770961,0.9127386927950664,0.9010502758020179,28.776190476190475,20.0,20.0,20.0,0.8723809523809524,0.9647619047619047,0.9885714285714285,0.9904761904761905,0.6106194690265486,0.9771260997067449,0.8764044943820225,0.6106194690265486,0.7616580310880829,False,False,False
0.825,3,0.9361904761904762,0.8146777836119723,0.8299022292098931,0.9345956849499715,0.9127386927950664,0.9092440539235777,29.738095238095237,20.0,20.0,25.0,0.8566666666666667,0.9561904761904761,0.9857142857142858,0.9880952380952381,0.6371681415929203,0.9782991202346041,0.8764044943820225,0.6371681415929203,0.7668393782383419,False,False,False
0.85,3,0.9395238095238095,0.8206639562150764,0.839479227203042,0.9377826947767071,0.9127386927950664,0.9197366495248679,30.642857142857142,20.0,20.0,35.0,0.84,0.95,0.9847619047619047,0.9876190476190476,0.6371681415929203,0.9806451612903225,0.8876404494382022,0.6371681415929203,0.7772020725388601,False,False,False
0.875,3,0.9423809523809524,0.8342144386723239,0.8494696530031152,0.9408737017631578,0.9127386927950664,0.9306821982114034,31.585714285714285,20.0,20.0,40.0,0.8204761904761905,0.9438095238095238,0.981904761904762,0.9857142857142858,0.6637168141592921,0.9806451612903225,0.9101123595505618,0.6637168141592921,0.7823834196891192,False,False,False
0.9,3,0.9471428571428572,0.8500522504531518,0.8623750681345252,0.9460071677521359,0.9127386927950664,0.9448214203494394,33.07142857142857,20.0,20.0,45.0,0.7923809523809524,0.93,0.9733333333333334,0.9785714285714285,0.6991150442477876,0.9818181818181818,0.9213483146067416,0.6991150442477876,0.7979274611398963,False,False,False
0.925,3,0.9514285714285714,0.8660638878774496,0.8777709025370168,0.9506933495895739,0.9127386927950664,0.9616891553583993,34.67619047619048,20.0,20.0,50.0,0.7690476190476191,0.9119047619047619,0.9623809523809523,0.9704761904761905,0.7522123893805309,0.9824046920821115,0.9213483146067416,0.7522123893805309,0.8082901554404145,False,True,False
0.95,3,0.9571428571428572,0.8842607166047909,0.8912939376129825,0.9567047236883202,0.9127386927950664,0.9765050442680216,37.12619047619047,20.0,20.0,55.0,0.7271428571428571,0.8847619047619047,0.9485714285714286,0.9576190476190476,0.7964601769911505,0.9841642228739003,0.9325842696629213,0.7964601769911505,0.8238341968911918,True,True,True
0.975,3,0.9576190476190476,0.8854131933445757,0.8921494701233432,0.9570866800617613,0.9127386927950664,0.9774423689559242,40.55952380952381,20.0,20.0,60.0,0.679047619047619,0.849047619047619,0.9242857142857143,0.9338095238095238,0.8031088082901554,0.9853372434017595,0.9213483146067416,0.831858407079646,0.8031088082901554,True,True,True
