scenario,severity,repeat,seed,accuracy,balanced_accuracy,macro_f1,weighted_f1,macro_f1_change_vs_clean,seconds
relative_gaussian_noise,0.02,0,2513,0.2388888888888889,0.5448356657049183,0.32322734134632214,0.28594504018926703,-0.5739155217705906,0.25640630800000963
relative_gaussian_noise,0.02,1,12513,0.23222222222222222,0.548197248568353,0.3255224352658852,0.27623216825918384,-0.5716204278510275,0.24736119500005316
relative_gaussian_noise,0.02,2,22513,0.22777777777777777,0.5468292595122654,0.3288924820297417,0.2704223894734889,-0.5682503810871711,0.24906934400007685
relative_gaussian_noise,0.02,3,32513,0.23,0.5339793379213942,0.30320023730519885,0.2718735850336773,-0.5939426258117139,0.24451071700002558
relative_gaussian_noise,0.02,4,42513,0.23333333333333334,0.5512460290561578,0.3350572385741846,0.27870493285667286,-0.5620856245427281,0.25802405000001727
relative_gaussian_noise,0.02,5,52513,0.24666666666666667,0.5308190864488017,0.3112066383936278,0.2986459420637402,-0.5859362247232849,0.23968991100002768
relative_gaussian_noise,0.02,6,62513,0.23222222222222222,0.5400768988970039,0.3102448011300161,0.27542506316764165,-0.5868980619868966,0.23342123199995513
relative_gaussian_noise,0.02,7,72513,0.23222222222222222,0.5407304217922653,0.31458758632671674,0.2767231280796498,-0.582555276790196,0.2371601180000198
relative_gaussian_noise,0.02,8,82513,0.24444444444444444,0.5465456520250277,0.327306213952572,0.2943886773251926,-0.5698366491643407,0.23234255599993503
relative_gaussian_noise,0.02,9,92513,0.22111111111111112,0.5295965924955528,0.3178150210468177,0.26288895301234183,-0.579327842070095,0.23594889599996804
relative_gaussian_noise,0.02,10,102513,0.24333333333333335,0.5434968715372228,0.32308389610416743,0.2928817755922555,-0.5740589670127453,0.24988617199994678
relative_gaussian_noise,0.02,11,112513,0.2288888888888889,0.5253471302244516,0.29893862623686257,0.2724089733002844,-0.5982042368800502,0.2557358699999668
relative_gaussian_noise,0.02,12,122513,0.23,0.5366861211451771,0.3060936082266357,0.272089079320272,-0.591049254890277,0.23568549799995253
relative_gaussian_noise,0.02,13,132513,0.2388888888888889,0.5571397051521448,0.33844916318886,0.28633770189688623,-0.5586936999280527,0.23271420200001103
relative_gaussian_noise,0.02,14,142513,0.22666666666666666,0.5464872622482435,0.3239749321650295,0.26769985614834857,-0.5731679309518832,0.23383167000008598
relative_gaussian_noise,0.02,15,152513,0.2411111111111111,0.542812877009179,0.3203800297371495,0.2894670487230834,-0.5767628333797632,0.23418974800006254
relative_gaussian_noise,0.02,16,162513,0.2288888888888889,0.5378210304332498,0.30269763917974146,0.2699634052480902,-0.5944452239371713,0.22990805799997815
relative_gaussian_noise,0.02,17,172513,0.2222222222222222,0.534292140297024,0.30815601831252737,0.2614196989584401,-0.5889868448043853,0.23368308700003126
relative_gaussian_noise,0.02,18,182513,0.2288888888888889,0.5355207402243222,0.31827819507109656,0.2731036819607754,-0.5788646680458162,0.22952527899997222
relative_gaussian_noise,0.02,19,192513,0.23666666666666666,0.5503886212812737,0.32095937908705696,0.28094123643490304,-0.5761834840298558,0.23317114799999672
relative_gaussian_noise,0.05,0,2543,0.17,0.5128047024404293,0.24326171332287364,0.17299240523690243,-0.6538811497940391,0.23372171699998034
relative_gaussian_noise,0.05,1,12543,0.16111111111111112,0.49406465723883963,0.23421464620338642,0.16186286609160813,-0.6629282169135263,0.2428144439999187
relative_gaussian_noise,0.05,2,22543,0.16,0.4964294431986008,0.24935228876479523,0.1619525167747168,-0.6477905743521175,0.23534753900003125
relative_gaussian_noise,0.05,3,32543,0.16,0.5151402935117982,0.24912325390873336,0.156418580772527,-0.6480196092081794,0.23946098999999776
relative_gaussian_noise,0.05,4,42543,0.16444444444444445,0.5138014993441028,0.2530690370585065,0.16506549286994282,-0.6440738260584062,0.23930084999983592
relative_gaussian_noise,0.05,5,52543,0.16777777777777778,0.5073606643600809,0.24517396041552075,0.1715566485723515,-0.651968902701392,0.24540314099999705
relative_gaussian_noise,0.05,6,62543,0.16111111111111112,0.5038317742238551,0.23734819000307125,0.15951602645028243,-0.6597946731138414,0.2499422850000883
relative_gaussian_noise,0.05,7,72543,0.16333333333333333,0.49827881864749957,0.2470453258025917,0.1665105226823408,-0.650097537314321,0.2412502580000364
relative_gaussian_noise,0.05,8,82543,0.17333333333333334,0.49241306069551444,0.23205789288644085,0.18224513978410617,-0.6650849702304719,0.240137501999925
relative_gaussian_noise,0.05,9,92543,0.1688888888888889,0.5104094448478858,0.2589516177343805,0.1749758564713079,-0.6381912453825322,0.24635898600013206
relative_gaussian_noise,0.05,10,102543,0.17555555555555555,0.5047475717755233,0.24498195276332804,0.18496799075655027,-0.6521609103535847,0.24056932899998174
relative_gaussian_noise,0.05,11,112543,0.16333333333333333,0.49557203542371664,0.23848293392474226,0.16571444862596238,-0.6586599291921704,0.23525275799988776
relative_gaussian_noise,0.05,12,122543,0.16,0.5026663933029999,0.24432522461068215,0.15930632985459742,-0.6528176385062305,0.24699442700011787
relative_gaussian_noise,0.05,13,132543,0.15666666666666668,0.5078773516153334,0.24745961752331178,0.15241541693346364,-0.6496832455936009,0.2439961800000674
relative_gaussian_noise,0.05,14,142543,0.16111111111111112,0.489304613686535,0.24015624811022296,0.16464716631559162,-0.6569866150066898,0.2394771919998675
relative_gaussian_noise,0.05,15,152543,0.16444444444444445,0.5075645492397036,0.24143080460688768,0.1647776859570009,-0.655712058510025,0.2387418550001712
relative_gaussian_noise,0.05,16,162543,0.17,0.5053378756643416,0.24256595038434658,0.17524025351347153,-0.6545769127325661,0.2466526960001829
relative_gaussian_noise,0.05,17,172543,0.15444444444444444,0.49348958020680284,0.2319835786712629,0.15067181099533591,-0.6651592844456498,0.23878428499983784
relative_gaussian_noise,0.05,18,182543,0.16666666666666666,0.5028349773201815,0.24292499745708518,0.17001983978156307,-0.6542178656598275,0.2383489430001191
relative_gaussian_noise,0.05,19,192543,0.17777777777777778,0.5116685164079663,0.2484894227261625,0.18723243126887118,-0.6486534403907502,0.24092339700018783
relative_gaussian_noise,0.1,0,2593,0.14666666666666667,0.49044207646338833,0.20662393162393164,0.1331025641025641,-0.690518931492981,0.24206847300001755
relative_gaussian_noise,0.1,1,12593,0.14555555555555555,0.4942837689752439,0.2149633291701714,0.13193150944389584,-0.6821795339467414,0.24796731299989005
relative_gaussian_noise,0.1,2,22593,0.14666666666666667,0.4896186928065551,0.21962787330244238,0.1357378606447959,-0.6775149898144703,0.24179640700003802
relative_gaussian_noise,0.1,3,32593,0.14777777777777779,0.49972780705559233,0.2269009407885766,0.13582254621166548,-0.6702419223283361,0.24921354499997506
relative_gaussian_noise,0.1,4,42593,0.14222222222222222,0.48907408740730074,0.20770702435904492,0.12583012378881198,-0.6894358387578678,0.25004962299999534
relative_gaussian_noise,0.1,5,52593,0.14333333333333334,0.487362824342801,0.21769207095294052,0.13051803356151181,-0.6794507921639722,0.24120102699998824
relative_gaussian_noise,0.1,6,62593,0.15555555555555556,0.4931780545755634,0.21171357156974754,0.14863074694866385,-0.6854292915471651,0.24953428800017718
relative_gaussian_noise,0.1,7,72593,0.1511111111111111,0.49369346508642564,0.2368185644088777,0.14529000025597788,-0.660324298708035,0.2446742079998785
relative_gaussian_noise,0.1,8,82593,0.14,0.4836300493269523,0.20781508189667655,0.12394698558355549,-0.6893277812202362,0.2519452179999462
relative_gaussian_noise,0.1,9,92593,0.15333333333333332,0.49437745961446944,0.23112092965376735,0.14801245718555905,-0.6660219334631454,0.2515274729998964
relative_gaussian_noise,0.1,10,102593,0.14888888888888888,0.4890728106629104,0.21688530945882337,0.13963564527194777,-0.6802575536580894,0.2446671539998988
relative_gaussian_noise,0.1,11,112593,0.15888888888888889,0.5093847298002104,0.23430487148255844,0.1536097500195858,-0.6628379916343543,0.24619525299999623
relative_gaussian_noise,0.1,12,122593,0.13444444444444445,0.48044315645474833,0.19701317001963556,0.11271297213323075,-0.7001296930972771,0.2619376380000631
relative_gaussian_noise,0.1,13,132593,0.14666666666666667,0.48338174270215595,0.2251785218391717,0.13854315159369313,-0.671964341277741,0.24236838299998453
relative_gaussian_noise,0.1,14,142593,0.15222222222222223,0.5010957961116799,0.21752443480391115,0.14164445503978984,-0.6796184283130016,0.240577323000025
relative_gaussian_noise,0.1,15,152593,0.15222222222222223,0.4983890128878969,0.21472443906693203,0.14184138077345035,-0.6824184240499807,0.2513531920001242
relative_gaussian_noise,0.1,16,162593,0.14888888888888888,0.4917795938866934,0.22216604886067254,0.13984447434040254,-0.6749768142562402,0.2477281240001048
relative_gaussian_noise,0.1,17,172593,0.1511111111111111,0.49722363196704183,0.22215058873554738,0.14171847831297926,-0.6749922743813653,0.24591564900015328
relative_gaussian_noise,0.1,18,182593,0.14666666666666667,0.49314885968717126,0.22227590341185338,0.13490958208257686,-0.6748669597050594,0.24369751899985204
relative_gaussian_noise,0.1,19,192593,0.14666666666666667,0.49938580979157043,0.22068827481407474,0.13290915715265944,-0.676454588302838,0.24966762100007145
random_missing_timestamps,0.05,0,2780,0.9566666666666667,0.9034565986289431,0.8971428631169127,0.9571211687821545,0.0,0.2827532290000363
random_missing_timestamps,0.05,1,12780,0.9566666666666667,0.9034565986289431,0.8971428631169127,0.9571211687821545,0.0,0.2738414250000005
random_missing_timestamps,0.05,2,22780,0.9566666666666667,0.9034565986289431,0.8971428631169127,0.9571211687821545,0.0,0.2765266950000296
random_missing_timestamps,0.05,3,32780,0.9566666666666667,0.9034565986289431,0.8971428631169127,0.9571211687821545,0.0,0.27355487499994524
random_missing_timestamps,0.05,4,42780,0.9566666666666667,0.9034565986289431,0.8971428631169127,0.9571211687821545,0.0,0.27808616499987693
random_missing_timestamps,0.05,5,52780,0.9566666666666667,0.9034565986289431,0.8971428631169127,0.9571211687821545,0.0,0.2781569649998801
random_missing_timestamps,0.05,6,62780,0.9566666666666667,0.9034565986289431,0.8971428631169127,0.9571211687821545,0.0,0.2742775019999044
random_missing_timestamps,0.05,7,72780,0.9566666666666667,0.9034565986289431,0.8971428631169127,0.9571211687821545,0.0,0.2770845720001489
random_missing_timestamps,0.05,8,82780,0.9566666666666667,0.9034565986289431,0.8971428631169127,0.9571211687821545,0.0,0.27413592099992456
random_missing_timestamps,0.05,9,92780,0.9566666666666667,0.9034565986289431,0.8971428631169127,0.9571211687821545,0.0,0.27889054799993573
random_missing_timestamps,0.05,10,102780,0.9566666666666667,0.9034565986289431,0.8971428631169127,0.9571211687821545,0.0,0.27454895999994733
random_missing_timestamps,0.05,11,112780,0.9566666666666667,0.9034565986289431,0.8971428631169127,0.9571211687821545,0.0,0.2838986179999665
random_missing_timestamps,0.05,12,122780,0.9566666666666667,0.9034565986289431,0.8971428631169127,0.9571211687821545,0.0,0.27269972100020823
random_missing_timestamps,0.05,13,132780,0.9566666666666667,0.9034565986289431,0.8971428631169127,0.9571211687821545,0.0,0.27385392199994385
random_missing_timestamps,0.05,14,142780,0.9566666666666667,0.9034565986289431,0.8971428631169127,0.9571211687821545,0.0,0.2746253930001785
random_missing_timestamps,0.05,15,152780,0.9566666666666667,0.9034565986289431,0.8971428631169127,0.9571211687821545,0.0,0.27691451100008635
random_missing_timestamps,0.05,16,162780,0.9566666666666667,0.9034565986289431,0.8971428631169127,0.9571211687821545,0.0,0.27382613999998284
random_missing_timestamps,0.05,17,172780,0.9566666666666667,0.9034565986289431,0.8971428631169127,0.9571211687821545,0.0,0.27205599800004165
random_missing_timestamps,0.05,18,182780,0.9566666666666667,0.9034565986289431,0.8971428631169127,0.9571211687821545,0.0,0.27128410199998143
random_missing_timestamps,0.05,19,192780,0.9566666666666667,0.9034565986289431,0.8971428631169127,0.9571211687821545,0.0,0.2712921400000141
random_missing_timestamps,0.1,0,2830,0.9566666666666667,0.9034565986289431,0.8971428631169127,0.9571211687821545,0.0,0.268341805999853
random_missing_timestamps,0.1,1,12830,0.9566666666666667,0.9034565986289431,0.8971428631169127,0.9571211687821545,0.0,0.28074335699989206
random_missing_timestamps,0.1,2,22830,0.9566666666666667,0.9034565986289431,0.8971428631169127,0.9571211687821545,0.0,0.27628074999984165
random_missing_timestamps,0.1,3,32830,0.9566666666666667,0.9034565986289431,0.8971428631169127,0.9571211687821545,0.0,0.2738444789999903
random_missing_timestamps,0.1,4,42830,0.9566666666666667,0.9034565986289431,0.8971428631169127,0.9571211687821545,0.0,0.2731239629999891
random_missing_timestamps,0.1,5,52830,0.9566666666666667,0.9034565986289431,0.8971428631169127,0.9571211687821545,0.0,0.27409518600006777
random_missing_timestamps,0.1,6,62830,0.9566666666666667,0.9034565986289431,0.8971428631169127,0.9571211687821545,0.0,0.28228968400003396
random_missing_timestamps,0.1,7,72830,0.9566666666666667,0.9034565986289431,0.8971428631169127,0.9571211687821545,0.0,0.27178903999993054
random_missing_timestamps,0.1,8,82830,0.9566666666666667,0.9034565986289431,0.8971428631169127,0.9571211687821545,0.0,0.30164744100011376
random_missing_timestamps,0.1,9,92830,0.9566666666666667,0.9034565986289431,0.8971428631169127,0.9571211687821545,0.0,0.29454000199984876
random_missing_timestamps,0.1,10,102830,0.9566666666666667,0.9034565986289431,0.8971428631169127,0.9571211687821545,0.0,0.28200197399996796
random_missing_timestamps,0.1,11,112830,0.9566666666666667,0.9034565986289431,0.8971428631169127,0.9571211687821545,0.0,0.278675271000111
random_missing_timestamps,0.1,12,122830,0.9566666666666667,0.9034565986289431,0.8971428631169127,0.9571211687821545,0.0,0.2864992649999749
random_missing_timestamps,0.1,13,132830,0.9566666666666667,0.9034565986289431,0.8971428631169127,0.9571211687821545,0.0,0.2861371930000587
random_missing_timestamps,0.1,14,142830,0.9566666666666667,0.9034565986289431,0.8971428631169127,0.9571211687821545,0.0,0.2882427199999711
random_missing_timestamps,0.1,15,152830,0.9566666666666667,0.9034565986289431,0.8971428631169127,0.9571211687821545,0.0,0.2829313649999676
random_missing_timestamps,0.1,16,162830,0.9566666666666667,0.9034565986289431,0.8971428631169127,0.9571211687821545,0.0,0.28843499200002043
random_missing_timestamps,0.1,17,172830,0.9566666666666667,0.9034565986289431,0.8971428631169127,0.9571211687821545,0.0,0.28352064599994264
random_missing_timestamps,0.1,18,182830,0.9566666666666667,0.9034565986289431,0.8971428631169127,0.9571211687821545,0.0,0.2887316459998601
random_missing_timestamps,0.1,19,192830,0.9566666666666667,0.9034565986289431,0.8971428631169127,0.9571211687821545,0.0,0.29979466600002525
random_missing_timestamps,0.2,0,2930,0.9566666666666667,0.9034565986289431,0.8971428631169127,0.9571211687821545,0.0,0.29900014500003635
random_missing_timestamps,0.2,1,12930,0.9566666666666667,0.9034565986289431,0.8971428631169127,0.9571211687821545,0.0,0.29445323799996004
random_missing_timestamps,0.2,2,22930,0.9566666666666667,0.9034565986289431,0.8971428631169127,0.9571211687821545,0.0,0.3003986740000073
random_missing_timestamps,0.2,3,32930,0.9566666666666667,0.9034565986289431,0.8971428631169127,0.9571211687821545,0.0,0.29234427399978813
random_missing_timestamps,0.2,4,42930,0.9566666666666667,0.9034565986289431,0.8971428631169127,0.9571211687821545,0.0,0.30508517999987816
random_missing_timestamps,0.2,5,52930,0.9566666666666667,0.9034565986289431,0.8971428631169127,0.9571211687821545,0.0,0.30113676600012695
random_missing_timestamps,0.2,6,62930,0.9566666666666667,0.9034565986289431,0.8971428631169127,0.9571211687821545,0.0,0.30889575899982447
random_missing_timestamps,0.2,7,72930,0.9566666666666667,0.9034565986289431,0.8971428631169127,0.9571211687821545,0.0,0.2962862720000885
random_missing_timestamps,0.2,8,82930,0.9566666666666667,0.9034565986289431,0.8971428631169127,0.9571211687821545,0.0,0.3018294240000614
random_missing_timestamps,0.2,9,92930,0.9566666666666667,0.9034565986289431,0.8971428631169127,0.9571211687821545,0.0,0.2990425049999885
random_missing_timestamps,0.2,10,102930,0.9566666666666667,0.9034565986289431,0.8971428631169127,0.9571211687821545,0.0,0.29648197000005894
random_missing_timestamps,0.2,11,112930,0.9566666666666667,0.9034565986289431,0.8971428631169127,0.9571211687821545,0.0,0.29577993700013394
random_missing_timestamps,0.2,12,122930,0.9566666666666667,0.9034565986289431,0.8971428631169127,0.9571211687821545,0.0,0.2943538150000222
random_missing_timestamps,0.2,13,132930,0.9566666666666667,0.9034565986289431,0.8971428631169127,0.9571211687821545,0.0,0.2970019439999305
random_missing_timestamps,0.2,14,142930,0.9566666666666667,0.9034565986289431,0.8971428631169127,0.9571211687821545,0.0,0.2876451189999898
random_missing_timestamps,0.2,15,152930,0.9566666666666667,0.9034565986289431,0.8971428631169127,0.9571211687821545,0.0,0.2884645859999182
random_missing_timestamps,0.2,16,162930,0.9566666666666667,0.9034565986289431,0.8971428631169127,0.9571211687821545,0.0,0.2922351689999232
random_missing_timestamps,0.2,17,172930,0.9566666666666667,0.9034565986289431,0.8971428631169127,0.9571211687821545,0.0,0.2852908689999367
random_missing_timestamps,0.2,18,182930,0.9566666666666667,0.9034565986289431,0.8971428631169127,0.9571211687821545,0.0,0.28752169500012315
random_missing_timestamps,0.2,19,192930,0.9566666666666667,0.9034565986289431,0.8971428631169127,0.9571211687821545,0.0,0.2863415400001941
contiguous_gap,0.05,0,1603,0.9566666666666667,0.9034565986289431,0.8971428631169127,0.9571211687821545,0.0,0.2540590240000711
contiguous_gap,0.05,1,11603,0.9566666666666667,0.9034565986289431,0.8971428631169127,0.9571211687821545,0.0,0.25153467500012994
contiguous_gap,0.05,2,21603,0.9566666666666667,0.9034565986289431,0.8971428631169127,0.9571211687821545,0.0,0.26117114799990304
contiguous_gap,0.05,3,31603,0.9566666666666667,0.9034565986289431,0.8971428631169127,0.9571211687821545,0.0,0.2793039900000167
contiguous_gap,0.05,4,41603,0.9566666666666667,0.9034565986289431,0.8971428631169127,0.9571211687821545,0.0,0.2658528629999637
contiguous_gap,0.05,5,51603,0.9566666666666667,0.9034565986289431,0.8971428631169127,0.9571211687821545,0.0,0.25606943499997215
contiguous_gap,0.05,6,61603,0.9566666666666667,0.9034565986289431,0.8971428631169127,0.9571211687821545,0.0,0.2614955330000157
contiguous_gap,0.05,7,71603,0.9566666666666667,0.9034565986289431,0.8971428631169127,0.9571211687821545,0.0,0.25064592100011396
contiguous_gap,0.05,8,81603,0.9566666666666667,0.9034565986289431,0.8971428631169127,0.9571211687821545,0.0,0.2563001890000578
contiguous_gap,0.05,9,91603,0.9566666666666667,0.9034565986289431,0.8971428631169127,0.9571211687821545,0.0,0.26125115800005005
contiguous_gap,0.05,10,101603,0.9555555555555556,0.9031146013649213,0.8957381061152621,0.9561026963974837,-0.0014047570016506583,0.24956696199978978
contiguous_gap,0.05,11,111603,0.9566666666666667,0.9034565986289431,0.8971428631169127,0.9571211687821545,0.0,0.2537151139999878
contiguous_gap,0.05,12,121603,0.9566666666666667,0.9034565986289431,0.8971428631169127,0.9571211687821545,0.0,0.2578997690000051
contiguous_gap,0.05,13,131603,0.9566666666666667,0.9034565986289431,0.8971428631169127,0.9571211687821545,0.0,0.2561021419999179
contiguous_gap,0.05,14,141603,0.9566666666666667,0.9034565986289431,0.8971428631169127,0.9571211687821545,0.0,0.26333328400005485
contiguous_gap,0.05,15,151603,0.9566666666666667,0.9034565986289431,0.8971428631169127,0.9571211687821545,0.0,0.257244351999816
contiguous_gap,0.05,16,161603,0.9566666666666667,0.9034565986289431,0.8971428631169127,0.9571211687821545,0.0,0.25826773199992203
contiguous_gap,0.05,17,171603,0.9566666666666667,0.9034565986289431,0.8971428631169127,0.9571211687821545,0.0,0.253292809000186
contiguous_gap,0.05,18,181603,0.9566666666666667,0.9034565986289431,0.8971428631169127,0.9571211687821545,0.0,0.257037124000135
contiguous_gap,0.05,19,191603,0.9566666666666667,0.9034565986289431,0.8971428631169127,0.9571211687821545,0.0,0.25280622000013864
contiguous_gap,0.1,0,1653,0.9577777777777777,0.9037985958929651,0.8995112071530538,0.9581684819169608,0.002368344036141057,0.2505428079998637
contiguous_gap,0.1,1,11653,0.9555555555555556,0.9031146013649213,0.8957381061152621,0.9561026963974837,-0.0014047570016506583,0.2529570619999504
contiguous_gap,0.1,2,21653,0.9566666666666667,0.9034565986289431,0.8971428631169127,0.9571211687821545,0.0,0.2490833570000177
contiguous_gap,0.1,3,31653,0.9566666666666667,0.9034565986289431,0.8971428631169127,0.9571211687821545,0.0,0.25526850500000364
contiguous_gap,0.1,4,41653,0.9577777777777777,0.906505379116748,0.9018574475648773,0.9582389830285317,0.004714584447964576,0.25984007900001416
contiguous_gap,0.1,5,51653,0.9566666666666667,0.9034565986289431,0.8971428631169127,0.9571211687821545,0.0,0.25521677299980183
contiguous_gap,0.1,6,61653,0.9566666666666667,0.9034565986289431,0.8971428631169127,0.9571211687821545,0.0,0.2540786229999412
contiguous_gap,0.1,7,71653,0.9577777777777777,0.906505379116748,0.9018574475648773,0.9582389830285317,0.004714584447964576,0.25918996800010063
contiguous_gap,0.1,8,81653,0.9566666666666667,0.9034565986289431,0.8971428631169127,0.9571211687821545,0.0,0.25730302900001334
contiguous_gap,0.1,9,91653,0.9566666666666667,0.9034565986289431,0.8981066913640304,0.9571507932053146,0.0009638282471177151,0.25897627100016507
contiguous_gap,0.1,10,101653,0.9577777777777777,0.9037985958929651,0.8995112071530538,0.9581684819169608,0.002368344036141057,0.2527108919998682
contiguous_gap,0.1,11,111653,0.9566666666666667,0.9034565986289431,0.8971428631169127,0.9571211687821545,0.0,0.25679125099986777
contiguous_gap,0.1,12,121653,0.9566666666666667,0.9034565986289431,0.8971428631169127,0.9571211687821545,0.0,0.24812766000013653
contiguous_gap,0.1,13,131653,0.9566666666666667,0.9034565986289431,0.8971428631169127,0.9571211687821545,0.0,0.25552145599999676
contiguous_gap,0.1,14,141653,0.9555555555555556,0.9004078181411382,0.8933315667495279,0.9560471687223066,-0.0038112963673848643,0.2516367949999676
contiguous_gap,0.1,15,151653,0.9544444444444444,0.9000658208771164,0.8919293205908561,0.9550296114004103,-0.005213542526056658,0.2544867569999951
contiguous_gap,0.1,16,161653,0.9577777777777777,0.9037985958929651,0.8995112071530538,0.9581684819169608,0.002368344036141057,0.24817747799988865
contiguous_gap,0.1,17,171653,0.9566666666666667,0.9034565986289431,0.8971428631169127,0.9571211687821545,0.0,0.2507277699999122
contiguous_gap,0.1,18,181653,0.9588888888888889,0.90684737638077,0.9042257916010183,0.959286296163338,0.007082928484105633,0.25216222199992444
contiguous_gap,0.1,19,191653,0.9577777777777777,0.9037985958929651,0.8995112071530538,0.9581684819169608,0.002368344036141057,0.2537484700001187
contiguous_gap,0.2,0,1753,0.9577777777777777,0.9037985958929651,0.8995112071530538,0.9581684819169608,0.002368344036141057,0.25360286399995857
contiguous_gap,0.2,1,11753,0.9577777777777777,0.9085586394452696,0.9003180121311265,0.958322709422896,0.003175149014213785,0.25945111100008944
contiguous_gap,0.2,2,21753,0.9555555555555556,0.9004078181411382,0.8942526897065082,0.9560678611392515,-0.0028901734104045396,0.2710945300000276
contiguous_gap,0.2,3,31753,0.9566666666666667,0.8986965550766386,0.896263649839147,0.9569518577734049,-0.0008792132777657446,0.2547107010000218
contiguous_gap,0.2,4,41753,0.9555555555555556,0.905167861693443,0.8950956981694984,0.9562292265332815,-0.002047164947414304,0.24800079000010555
contiguous_gap,0.2,5,51753,0.9577777777777777,0.9037985958929651,0.8995112071530538,0.9581684819169608,0.002368344036141057,0.24879806200010535
contiguous_gap,0.2,6,61753,0.9577777777777777,0.9017453355644435,0.8960607392993682,0.958168305188456,-0.001082123817544467,0.25526342299986027
contiguous_gap,0.2,7,71753,0.9555555555555556,0.899584434484305,0.8956291816075173,0.9561673143069291,-0.0015136815093954592,0.24965512099993248
contiguous_gap,0.2,8,81753,0.9555555555555556,0.9031146013649213,0.8957381061152621,0.9561026963974837,-0.0014047570016506583,0.2549761849998049
contiguous_gap,0.2,9,91753,0.9533333333333334,0.8914336131801737,0.8886706448117941,0.9538756353474056,-0.008472218305118573,0.2606950530000631
contiguous_gap,0.2,10,101753,0.9533333333333334,0.8976705632845728,0.8900756807397333,0.9539821356243642,-0.007067182377179404,0.26250196199998754
contiguous_gap,0.2,11,111753,0.9566666666666667,0.9061633818527262,0.9004503176786534,0.9572196458592607,0.0033074545617406415,0.2590606439998737
contiguous_gap,0.2,12,121753,0.9566666666666667,0.9019796920768486,0.8945649881868769,0.957245657112854,-0.002577874930035806,0.25628084499999204
contiguous_gap,0.2,13,131753,0.9588888888888889,0.9041405931569869,0.9019259696744251,0.9592251743294943,0.004783106557512351,0.2525562200000877
contiguous_gap,0.2,14,141753,0.9566666666666667,0.9007498154051602,0.8956546946525528,0.9570846347881231,-0.0014881684643599513,0.25606193899989194
contiguous_gap,0.2,15,151753,0.9555555555555556,0.8983545578126166,0.8939046426649104,0.9559065932208615,-0.003238220452002283,0.2581733570000324
contiguous_gap,0.2,16,161753,0.9566666666666667,0.8986965550766386,0.896263649839147,0.9569518577734049,-0.0008792132777657446,0.25787207799999123
contiguous_gap,0.2,17,171753,0.9544444444444444,0.8917756104441956,0.8900475411113709,0.9548839390711731,-0.00709532200554186,0.2565775699999904
contiguous_gap,0.2,18,181753,0.9566666666666667,0.9019796920768486,0.8954923666940335,0.9572673435926449,-0.0016504964228791774,0.2643045050001547
contiguous_gap,0.2,19,191753,0.9566666666666667,0.9034565986289431,0.8971428631169127,0.9571211687821545,0.0,0.2596496329999809
linear_sensor_drift,0.05,0,2120,0.9555555555555556,0.9078746449172259,0.897522293635597,0.9562900655594189,0.00037943051868427613,0.20218350999994072
linear_sensor_drift,0.05,1,12120,0.9544444444444444,0.9021190812056381,0.8907491431300021,0.9550710752118324,-0.006393719986910629,0.20391157900007784
linear_sensor_drift,0.05,2,22120,0.9533333333333334,0.8970170403893115,0.8872585565907042,0.9539121727308812,-0.00988430652620853,0.20342518999996173
linear_sensor_drift,0.05,3,32120,0.9566666666666667,0.8959897718528554,0.8927596400779927,0.9569849670330983,-0.0043832230389200255,0.1965738170001714
linear_sensor_drift,0.05,4,42120,0.9533333333333334,0.8922569968370069,0.8852699508300842,0.9538651713329249,-0.011872912286828519,0.19134123300000283
linear_sensor_drift,0.05,5,52120,0.96,0.9187627210779227,0.9064867707972777,0.9606883631669059,0.009343907680364971,0.19993438100004823
linear_sensor_drift,0.05,6,62120,0.9577777777777777,0.9139722058928357,0.9040216610170295,0.9585443566735934,0.0068787979001168065,0.20089114600000357
linear_sensor_drift,0.05,7,72120,0.9511111111111111,0.8990398290850508,0.8879165583828887,0.9518673675100008,-0.009226304734023971,0.2058467419999488
linear_sensor_drift,0.05,8,82120,0.9577777777777777,0.9160254662213573,0.9063951200314837,0.9584913201276838,0.009252256914570989,0.20867921899980502
linear_sensor_drift,0.05,9,92120,0.9588888888888889,0.9061938534855086,0.9032859558674662,0.959277364693917,0.006143092750553469,0.20434219400021902
linear_sensor_drift,0.05,10,102120,0.9566666666666667,0.9102699025097695,0.9012561112323048,0.9572406868337899,0.004113248115392043,0.1980074200000672
linear_sensor_drift,0.05,11,112120,0.9566666666666667,0.9007498154051602,0.8976796270736216,0.9570162417424064,0.0005367639567088744,0.20153585200000634
linear_sensor_drift,0.05,12,122120,0.9533333333333334,0.9024306068368775,0.8940366207474517,0.9540059963136119,-0.0031062423694609986,0.20231136500001412
linear_sensor_drift,0.05,13,132120,0.9544444444444444,0.9068791247579426,0.896963449952571,0.9551690365779215,-0.00017941316434166854,0.20565261499996268
linear_sensor_drift,0.05,14,142120,0.9555555555555556,0.905167861693443,0.8961540704159783,0.9561295757226789,-0.0009887927009344377,0.20173579300012534
linear_sensor_drift,0.05,15,152120,0.9511111111111111,0.8936262626374848,0.8848941971566718,0.9517823770477236,-0.012248665960240879,0.209423384000047
linear_sensor_drift,0.05,16,162120,0.9511111111111111,0.8922265252042244,0.8854552493274104,0.9517827581852014,-0.011687613789502338,0.2042996640000183
linear_sensor_drift,0.05,17,172120,0.9555555555555556,0.9126346884695306,0.8964371980676328,0.956512153975922,-0.0007056650492799355,0.20308122000005824
linear_sensor_drift,0.05,18,182120,0.9577777777777777,0.918078726549879,0.9055599094392197,0.9587363675064825,0.008417046322306998,0.21126138299996455
linear_sensor_drift,0.05,19,192120,0.9533333333333334,0.8997238236130946,0.8925206639422633,0.9539382177320327,-0.004622199174649455,0.2100289369998336
linear_sensor_drift,0.1,0,2170,0.9488888888888889,0.88136892067631,0.8797142502806119,0.949366418605549,-0.017428612836300816,0.21126729100001285
linear_sensor_drift,0.1,1,12170,0.9466666666666667,0.8883216136859257,0.8781769116424152,0.9472258817635503,-0.018965951474497533,0.20987739299994246
linear_sensor_drift,0.1,2,22170,0.9488888888888889,0.9004090948855286,0.8864964265417986,0.949892114356482,-0.010646436575114104,0.20745635800017226
linear_sensor_drift,0.1,3,32170,0.9533333333333334,0.8984939469414059,0.8894816560416391,0.9539014108668926,-0.007661207075273624,0.21043174999999792
linear_sensor_drift,0.1,4,42170,0.9477777777777778,0.8768432336364106,0.8755203171719015,0.9482180056650016,-0.02162254594501123,0.2131424680001146
linear_sensor_drift,0.1,5,52170,0.9455555555555556,0.8639323687799746,0.868128905592922,0.9458716937214537,-0.02901395752399072,0.2264317320000373
linear_sensor_drift,0.1,6,62170,0.9433333333333334,0.8769521511324175,0.8687314130971604,0.9440578165275781,-0.028411450019752316,0.208186496000053
linear_sensor_drift,0.1,7,72170,0.9455555555555556,0.8674625356605907,0.8663380596999091,0.9457372313715114,-0.030804803417003646,0.20508958300001723
linear_sensor_drift,0.1,8,82170,0.95,0.8945141420451513,0.8797186932849365,0.9510015325670497,-0.017424169831976255,0.2025096190000113
linear_sensor_drift,0.1,9,92170,0.9511111111111111,0.8820529152043537,0.8747755944460237,0.9515484893460737,-0.022367268670889007,0.20375170299985257
linear_sensor_drift,0.1,10,102170,0.9511111111111111,0.8847596984281368,0.8820488367581866,0.951351917018323,-0.015094026358726143,0.20662423899989335
linear_sensor_drift,0.1,11,112170,0.9566666666666667,0.9019796920768486,0.89745977508796,0.9572162638772496,0.00031691197104732893,0.20844936399998915
linear_sensor_drift,0.1,12,122170,0.9433333333333334,0.8680084178042354,0.8618873524940274,0.944070979833812,-0.035255510622885344,0.20445912700006375
linear_sensor_drift,0.1,13,132170,0.9533333333333334,0.8922569968370069,0.8873964717768633,0.953671402429699,-0.009746391340049398,0.19986241099991275
linear_sensor_drift,0.1,14,142170,0.9477777777777778,0.8769204027552449,0.8799746248984033,0.9480421742951128,-0.017168238218509435,0.2013029390000156
linear_sensor_drift,0.1,15,152170,0.9466666666666667,0.8910283969097087,0.8823191370154098,0.9474925132180178,-0.014823726101502954,0.2079698739999003
linear_sensor_drift,0.1,16,162170,0.9522222222222222,0.880341652139854,0.8795482540781442,0.952232981613946,-0.017594609038768527,0.20843287999991844
linear_sensor_drift,0.1,17,172170,0.9477777777777778,0.8789736630837665,0.8747816904001176,0.9483413510159129,-0.022361172716795163,0.21047636399998737
linear_sensor_drift,0.1,18,182170,0.9533333333333334,0.9059607737174936,0.8938001967593628,0.9541816022122708,-0.0033426663575498727,0.20919198100000358
linear_sensor_drift,0.1,19,192170,0.9488888888888889,0.8854754413333533,0.8808099690618487,0.9494744375182971,-0.016332894055063996,0.2057715210000879
linear_sensor_drift,0.2,0,2270,0.9311111111111111,0.8335557571388109,0.8331872140223232,0.9318523101076347,-0.0639556490945895,0.20766558499985877
linear_sensor_drift,0.2,1,12270,0.93,0.8206626905471566,0.8266357638234442,0.9309981037887409,-0.07050709929346854,0.2104876860000786
linear_sensor_drift,0.2,2,22270,0.9244444444444444,0.8308502506594184,0.8287324086311039,0.925515623004039,-0.06841045448580885,0.2071516400001201
linear_sensor_drift,0.2,3,32270,0.9344444444444444,0.8345045798120425,0.8420294564667512,0.9347953196121893,-0.05511340665016151,0.20343047400001524
linear_sensor_drift,0.2,4,42270,0.9277777777777778,0.8696272669739,0.8426202626261774,0.929620647392224,-0.05452260049073532,0.2067212039999049
linear_sensor_drift,0.2,5,52270,0.9377777777777778,0.8498878713798562,0.846820253445976,0.9384065436490291,-0.05032260967093671,0.20744123500003298
linear_sensor_drift,0.2,6,62270,0.9366666666666666,0.8560298541006395,0.8601407890342774,0.9370241107348445,-0.03700207408263534,0.20056168499991145
linear_sensor_drift,0.2,7,72270,0.92,0.8285817088276635,0.8132820812365684,0.9224482980619976,-0.08386078188034429,0.20330843299984735
linear_sensor_drift,0.2,8,82270,0.9311111111111111,0.8546491916765512,0.8463529544049024,0.9322772311863221,-0.05078990871201028,0.20563281899990216
linear_sensor_drift,0.2,9,92270,0.9266666666666666,0.8376013345302894,0.8279101388670651,0.9279664105058512,-0.06923272424984761,0.20028041000000485
linear_sensor_drift,0.2,10,102270,0.9277777777777778,0.8265398451227521,0.8219551838458007,0.9282269817471634,-0.07518767927111203,0.20793135400003848
linear_sensor_drift,0.2,11,112270,0.9377777777777778,0.8532481774989006,0.8510988017526366,0.938924877443581,-0.04604406136427608,0.21670094199998857
linear_sensor_drift,0.2,12,122270,0.9344444444444444,0.8715093897964594,0.8496149400878328,0.9362151536435932,-0.04752792302907993,0.20500181900001735
linear_sensor_drift,0.2,13,132270,0.9266666666666666,0.8377711952918612,0.8276548990667465,0.9279524450096823,-0.06948796405016622,0.212221978000116
linear_sensor_drift,0.2,14,142270,0.93,0.8424868170989922,0.8376063868055686,0.9314699745835404,-0.059536476311344066,0.20922990000008213
linear_sensor_drift,0.2,15,152270,0.9333333333333333,0.869114132203916,0.8544948627533359,0.9350239257849813,-0.042648000363576855,0.2135507499999676
linear_sensor_drift,0.2,16,162270,0.9255555555555556,0.838906104579934,0.8190696201828306,0.9267641061339226,-0.07807324293408213,0.2072652320000543
linear_sensor_drift,0.2,17,172270,0.9166666666666666,0.7964585332595586,0.7973543091276777,0.9173224043919891,-0.09978855398923503,0.2071172099999785
linear_sensor_drift,0.2,18,182270,0.9388888888888889,0.8634344608667719,0.8552199729652281,0.9393906628002862,-0.0419228901516846,0.2073973679998744
linear_sensor_drift,0.2,19,192270,0.9422222222222222,0.8595460708688646,0.8616130172328484,0.9424773902703757,-0.03552984588406427,0.20487748499999725
