row_index,id,label
729,2_trans_1006.csv,1
1039,2_trans_2722.csv,1
930,2_trans_1176.csv,1
186,2_trans_1703.csv,1
184,2_trans_2587.csv,1
689,2_trans_193.csv,1
983,2_trans_2723.csv,1
1323,2_trans_1608.csv,1
479,2_trans_2999.csv,2
1227,2_trans_824.csv,1
1148,2_trans_1019.csv,1
1883,2_trans_665.csv,1
1118,2_trans_2920.csv,4
1578,2_trans_374.csv,3
1472,2_trans_375.csv,1
772,2_trans_970.csv,1
1566,2_trans_2850.csv,2
1361,2_trans_1354.csv,1
1614,2_trans_2638.csv,1
439,2_trans_1275.csv,1
1636,2_trans_7.csv,4
1603,2_trans_2837.csv,4
150,2_trans_866.csv,1
1498,2_trans_2925.csv,2
71,2_trans_253.csv,1
320,2_trans_283.csv,1
346,2_trans_1505.csv,1
1865,2_trans_1109.csv,1
1124,2_trans_1232.csv,1
178,2_trans_1529.csv,1
708,2_trans_781.csv,1
2043,2_trans_263.csv,1
373,2_trans_686.csv,1
1506,2_trans_2716.csv,1
924,2_trans_2682.csv,1
824,2_trans_343.csv,1
1360,2_trans_148.csv,1
1781,2_trans_1093.csv,1
1718,2_trans_1683.csv,3
577,2_trans_1549.csv,1
640,2_trans_1400.csv,1
345,2_trans_1511.csv,1
1018,2_trans_553.csv,1
1754,2_trans_1468.csv,1
259,2_trans_1662.csv,1
132,2_trans_1850.csv,1
1390,2_trans_2265.csv,1
1597,2_trans_2374.csv,1
913,2_trans_140.csv,1
119,2_trans_1885.csv,1
498,2_trans_685.csv,1
1990,2_trans_841.csv,1
630,2_trans_797.csv,1
1445,2_trans_1382.csv,1
564,2_trans_2120.csv,1
1369,2_trans_799.csv,1
1991,2_trans_699.csv,1
279,2_trans_2409.csv,1
1270,2_trans_2260.csv,1
925,2_trans_801.csv,1
1958,2_trans_15.csv,1
1407,2_trans_1779.csv,1
958,2_trans_2858.csv,2
1652,2_trans_515.csv,1
575,2_trans_2068.csv,1
219,2_trans_1266.csv,1
85,2_trans_1265.csv,3
712,2_trans_965.csv,1
282,2_trans_2838.csv,2
1288,2_trans_2711.csv,1
1225,2_trans_1392.csv,1
620,2_trans_2733.csv,1
2052,2_trans_1916.csv,1
939,2_trans_1837.csv,1
1035,2_trans_1571.csv,1
1355,2_trans_2852.csv,2
844,2_trans_627.csv,1
1739,2_trans_1483.csv,4
384,2_trans_1673.csv,1
1240,2_trans_2089.csv,1
719,2_trans_2057.csv,1
652,2_trans_2874.csv,2
890,2_trans_2292.csv,3
1461,2_trans_1814.csv,1
1069,2_trans_2695.csv,1
691,2_trans_47.csv,1
438,2_trans_727.csv,1
888,2_trans_1957.csv,1
183,2_trans_1924.csv,1
1137,2_trans_589.csv,1
179,2_trans_2746.csv,4
400,2_trans_1895.csv,1
1146,2_trans_2277.csv,1
1052,2_trans_1363.csv,1
892,2_trans_746.csv,1
557,2_trans_1415.csv,1
193,2_trans_1059.csv,4
169,2_trans_912.csv,1
1681,2_trans_1522.csv,1
1662,2_trans_2215.csv,1
1165,2_trans_775.csv,1
711,2_trans_2094.csv,1
1888,2_trans_2979.csv,4
1417,2_trans_1547.csv,1
973,2_trans_624.csv,4
603,2_trans_1038.csv,1
1489,2_trans_611.csv,1
14,2_trans_2433.csv,1
855,2_trans_1229.csv,1
1527,2_trans_1020.csv,1
335,2_trans_1707.csv,1
1731,2_trans_2363.csv,1
807,2_trans_2491.csv,1
1611,2_trans_677.csv,1
1335,2_trans_2498.csv,1
2010,2_trans_1297.csv,1
863,2_trans_592.csv,1
1326,2_trans_2329.csv,1
953,2_trans_1174.csv,1
1072,2_trans_1175.csv,1
1006,2_trans_2253.csv,1
1330,2_trans_366.csv,1
1746,2_trans_674.csv,1
302,2_trans_2958.csv,2
1809,2_trans_1938.csv,1
710,2_trans_971.csv,1
1351,2_trans_2846.csv,4
864,2_trans_1759.csv,1
1245,2_trans_944.csv,1
536,2_trans_423.csv,1
448,2_trans_2224.csv,1
1862,2_trans_1848.csv,1
867,2_trans_2536.csv,1
1338,2_trans_2305.csv,3
47,2_trans_1264.csv,1
1617,2_trans_2610.csv,1
663,2_trans_1602.csv,1
1941,2_trans_937.csv,1
1783,2_trans_1911.csv,1
1570,2_trans_823.csv,1
318,2_trans_297.csv,1
1504,2_trans_2070.csv,1
2057,2_trans_713.csv,3
1363,2_trans_606.csv,1
961,2_trans_55.csv,1
478,2_trans_2741.csv,4
1321,2_trans_2473.csv,1
1586,2_trans_1682.csv,1
2019,2_trans_1254.csv,1
775,2_trans_794.csv,1
163,2_trans_669.csv,1
231,2_trans_2141.csv,1
1900,2_trans_1243.csv,1
75,2_trans_1073.csv,1
1456,2_trans_439.csv,4
247,2_trans_25.csv,1
1612,2_trans_1443.csv,1
1451,2_trans_411.csv,1
1677,2_trans_1278.csv,1
1042,2_trans_792.csv,1
1599,2_trans_2412.csv,1
1033,2_trans_989.csv,1
1568,2_trans_61.csv,1
947,2_trans_1148.csv,1
495,2_trans_2153.csv,1
1872,2_trans_315.csv,1
160,2_trans_2626.csv,1
835,2_trans_2873.csv,2
2030,2_trans_2563.csv,3
1117,2_trans_1597.csv,1
869,2_trans_2244.csv,1
1791,2_trans_502.csv,1
1666,2_trans_2229.csv,1
2005,2_trans_1334.csv,1
911,2_trans_1360.csv,1
1551,2_trans_943.csv,1
123,2_trans_1661.csv,1
1145,2_trans_2263.csv,1
317,2_trans_1935.csv,1
351,2_trans_1288.csv,1
838,2_trans_2132.csv,1
866,2_trans_2250.csv,1
245,2_trans_867.csv,3
1373,2_trans_2926.csv,2
1318,2_trans_67.csv,1
718,2_trans_742.csv,1
1250,2_trans_993.csv,1
1429,2_trans_954.csv,1
618,2_trans_1979.csv,1
1517,2_trans_2500.csv,1
757,2_trans_2297.csv,1
1482,2_trans_74.csv,1
795,2_trans_409.csv,1
1683,2_trans_6.csv,1
379,2_trans_1667.csv,3
1656,2_trans_1709.csv,3
62,2_trans_1066.csv,4
1272,2_trans_2507.csv,1
1952,2_trans_2165.csv,1
256,2_trans_2425.csv,1
